1



                                 *********************************************

                                    NUMERICAL ELECTROMAGNETICS CODE (NEC-2D)

                                 *********************************************




                                     - - - - COMMENTS - - - -


                          Example 1 :	Dipole in free space 	                                         
                          See GetStarted.txt                                                         
                          forw: 90, 0 ; back:-90, 0                                                  
                                                                                                     




                                 - - - STRUCTURE SPECIFICATION - - -

                                     COORDINATES MUST BE INPUT IN
                                     METERS OR BE SCALED TO METERS
                                     BEFORE STRUCTURE INPUT IS ENDED


  WIRE                                                                               NO. OF    FIRST  LAST     TAG
  NO.        X1         Y1         Z1          X2         Y2         Z2      RADIUS   SEG.     SEG.   SEG.     NO.
     1    0.00000    0.70200    0.00000     0.00000   -0.70200    0.00000    0.02291      9        1     9       1
     2    0.34416    0.67080    0.00000     0.34416   -0.67080    0.00000    0.02291      9       10    18       3
     3    0.68831    0.62400    0.00000     0.68831   -0.62400    0.00000    0.02291      9       19    27       5
     4   -0.00156    0.00000 9901.00000     0.00156    0.00000 9901.00000    0.00008      1       28    28    9901

   TOTAL SEGMENTS USED=   28     NO. SEG. IN A SYMMETRIC CELL=   28     SYMMETRY FLAG=  0


         - MULTIPLE WIRE JUNCTIONS -
 JUNCTION    SEGMENTS  (- FOR END 1, + FOR END 2)
  NONE




                                 - - - - SEGMENTATION DATA - - - -

                                        COORDINATES IN METERS

                         I+ AND I- INDICATE THE SEGMENTS BEFORE AND AFTER I


  SEG.   COORDINATES OF SEG. CENTER     SEG.     ORIENTATION ANGLES    WIRE    CONNECTION DATA   TAG
  NO.       X         Y         Z       LENGTH     ALPHA     BETA      RADIUS    I-   I    I+    NO.
     1   0.00000   0.62400   0.00000   0.15600    0.00000 -90.00000   0.02291     0    1    2      1
     2   0.00000   0.46800   0.00000   0.15600    0.00000 -90.00000   0.02291     1    2    3      1
     3   0.00000   0.31200   0.00000   0.15600    0.00000 -90.00000   0.02291     2    3    4      1
     4   0.00000   0.15600   0.00000   0.15600    0.00000 -90.00000   0.02291     3    4    5      1
     5   0.00000   0.00000   0.00000   0.15600    0.00000 -90.00000   0.02291     4    5    6      1
     6   0.00000  -0.15600   0.00000   0.15600    0.00000 -90.00000   0.02291     5    6    7      1
     7   0.00000  -0.31200   0.00000   0.15600    0.00000 -90.00000   0.02291     6    7    8      1
     8   0.00000  -0.46800   0.00000   0.15600    0.00000 -90.00000   0.02291     7    8    9      1
     9   0.00000  -0.62400   0.00000   0.15600    0.00000 -90.00000   0.02291     8    9    0      1
    10   0.34416   0.59627   0.00000   0.14907    0.00000 -90.00000   0.02291     0   10   11      3
    11   0.34416   0.44720   0.00000   0.14907    0.00000 -90.00000   0.02291    10   11   12      3
    12   0.34416   0.29813   0.00000   0.14907    0.00000 -90.00000   0.02291    11   12   13      3
    13   0.34416   0.14907   0.00000   0.14907    0.00000 -90.00000   0.02291    12   13   14      3
    14   0.34416   0.00000   0.00000   0.14907    0.00000 -90.00000   0.02291    13   14   15      3
    15   0.34416  -0.14907   0.00000   0.14907    0.00000 -90.00000   0.02291    14   15   16      3
    16   0.34416  -0.29813   0.00000   0.14907    0.00000 -90.00000   0.02291    15   16   17      3
    17   0.34416  -0.44720   0.00000   0.14907    0.00000 -90.00000   0.02291    16   17   18      3
    18   0.34416  -0.59627   0.00000   0.14907    0.00000 -90.00000   0.02291    17   18    0      3
    19   0.68831   0.55467   0.00000   0.13867    0.00000 -90.00000   0.02291     0   19   20      5
    20   0.68831   0.41600   0.00000   0.13867    0.00000 -90.00000   0.02291    19   20   21      5
    21   0.68831   0.27733   0.00000   0.13867    0.00000 -90.00000   0.02291    20   21   22      5
    22   0.68831   0.13867   0.00000   0.13867    0.00000 -90.00000   0.02291    21   22   23      5
    23   0.68831   0.00000   0.00000   0.13867    0.00000 -90.00000   0.02291    22   23   24      5
    24   0.68831  -0.13867   0.00000   0.13867    0.00000 -90.00000   0.02291    23   24   25      5
    25   0.68831  -0.27733   0.00000   0.13867    0.00000 -90.00000   0.02291    24   25   26      5
    26   0.68831  -0.41600   0.00000   0.13867    0.00000 -90.00000   0.02291    25   26   27      5
    27   0.68831  -0.55467   0.00000   0.13867    0.00000 -90.00000   0.02291    26   27    0      5
    28   0.00000   0.000009901.00000   0.00311    0.00000   0.00000   0.00008     0   28    0   9901






 ***** DATA CARD NO.  1   EK   0     0     0     0  0.00000E+00  0.00000E+00  0.00000E+00  0.00000E+00  0.00000E+00  0.00000E+00
 ***** DATA CARD NO.  2   EX   0  9901     1     0  0.00000E+00  1.00000E+00  0.00000E+00  0.00000E+00  0.00000E+00  0.00000E+00
 ***** DATA CARD NO.  3   GN  -1     0     0     0  0.00000E+00  0.00000E+00  0.00000E+00  0.00000E+00  0.00000E+00  0.00000E+00
 ***** DATA CARD NO.  4   FR   0     1     0     0  9.83000E+01  0.00000E+00  0.00000E+00  0.00000E+00  0.00000E+00  0.00000E+00
 ***** DATA CARD NO.  5   NT ***     1     3     5  0.00000E+00  0.00000E+00  0.00000E+00  1.00000E+00  0.00000E+00  0.00000E+00
 ***** DATA CARD NO.  6   XQ   0     0     0     0  0.00000E+00  0.00000E+00  0.00000E+00  0.00000E+00  0.00000E+00  0.00000E+00




                                 - - - - - - FREQUENCY - - - - - -

                                    FREQUENCY= 9.8300E+01 MHZ
                                    WAVELENGTH= 3.0498E+00 METERS




                    APPROXIMATE INTEGRATION EMPLOYED FOR SEGMENTS MORE THAN   1.000 WAVELENGTHS APART

                    THE EXTENDED THIN WIRE KERNEL WILL BE USED



                               - - - STRUCTURE IMPEDANCE LOADING - - -

                                   THIS STRUCTURE IS NOT LOADED



                                  - - - ANTENNA ENVIRONMENT - - -

                                            FREE SPACE



                                - - - MATRIX TIMING - - -

                        FILL=    0.000 SEC.,  FACTOR=    0.000 SEC.



                                            - - - NETWORK DATA - - -

      - FROM -    - TO -                          -  -  ADMITTANCE MATRIX ELEMENTS (MHOS)  -  -
      TAG  SEG.   TAG  SEG.             (ONE,ONE)                   (ONE,TWO)                   (TWO,TWO)
      NO.   NO.   NO.   NO.        REAL          IMAG.         REAL          IMAG.         REAL          IMAG.
     9901    28     3    14     0.0000E+00    0.0000E+00    0.0000E+00    1.0000E+00    0.0000E+00    0.0000E+00           



                           - - - STRUCTURE EXCITATION DATA AT NETWORK CONNECTION POINTS - - -

   TAG   SEG.    VOLTAGE (VOLTS)         CURRENT (AMPS)         IMPEDANCE (OHMS)        ADMITTANCE (MHOS)      POWER
   NO.   NO.    REAL        IMAG.       REAL        IMAG.       REAL        IMAG.       REAL        IMAG.     (WATTS)
     3    14 1.90301E+01-2.36895E+01 1.00000E+00-8.46503E-16 1.90301E+01-2.36895E+01 2.06101E-02 2.56564E-02 9.51505E+00
  9901    28 0.00000E+00 1.00000E+00-5.16263E-06 1.49332E-14 5.60287E-04-1.93700E+05 1.49332E-14 5.16263E-06 7.46659E-15



                                          - - - ANTENNA INPUT PARAMETERS - - -

   TAG   SEG.    VOLTAGE (VOLTS)         CURRENT (AMPS)         IMPEDANCE (OHMS)        ADMITTANCE (MHOS)      POWER
   NO.   NO.    REAL        IMAG.       REAL        IMAG.       REAL        IMAG.       REAL        IMAG.     (WATTS)
  9901    28 0.00000E+00 1.00000E+00 2.36895E+01 1.90301E+01 2.06101E-02 2.56564E-02 1.90301E+01-2.36895E+01 9.51505E+00



                             - - - CURRENTS AND LOCATION - - -

                                 DISTANCES IN WAVELENGTHS


  SEG.  TAG    COORD. OF SEG. CENTER     SEG.            - - - CURRENT (AMPS) - - -
  NO.   NO.     X        Y        Z      LENGTH     REAL        IMAG.       MAG.        PHASE
     1    1   0.0000   0.2046   0.0000  0.05115  -1.0459E-01  8.4294E-02  1.3433E-01  141.132
     2    1   0.0000   0.1535   0.0000  0.05115  -2.3956E-01  1.8508E-01  3.0273E-01  142.310
     3    1   0.0000   0.1023   0.0000  0.05115  -3.4424E-01  2.5801E-01  4.3020E-01  143.148
     4    1   0.0000   0.0512   0.0000  0.05115  -4.1287E-01  3.0390E-01  5.1265E-01  143.645
     5    1   0.0000   0.0000   0.0000  0.05115  -4.3680E-01  3.1951E-01  5.4119E-01  143.815
     6    1   0.0000  -0.0512   0.0000  0.05115  -4.1287E-01  3.0390E-01  5.1265E-01  143.645
     7    1   0.0000  -0.1023   0.0000  0.05115  -3.4424E-01  2.5801E-01  4.3020E-01  143.148
     8    1   0.0000  -0.1535   0.0000  0.05115  -2.3956E-01  1.8508E-01  3.0273E-01  142.310
     9    1   0.0000  -0.2046   0.0000  0.05115  -1.0459E-01  8.4294E-02  1.3433E-01  141.132
    10    3   0.1128   0.1955   0.0000  0.04888   2.4847E-01 -1.8606E-02  2.4917E-01   -4.282
    11    3   0.1128   0.1466   0.0000  0.04888   5.4821E-01 -3.1020E-02  5.4909E-01   -3.239
    12    3   0.1128   0.0978   0.0000  0.04888   7.7358E-01 -3.0242E-02  7.7417E-01   -2.239
    13    3   0.1128   0.0489   0.0000  0.04888   9.2845E-01 -1.8902E-02  9.2864E-01   -1.166
    14    3   0.1128   0.0000   0.0000  0.04888   1.0000E+00 -8.4650E-16  1.0000E+00    0.000
    15    3   0.1128  -0.0489   0.0000  0.04888   9.2845E-01 -1.8902E-02  9.2864E-01   -1.166
    16    3   0.1128  -0.0978   0.0000  0.04888   7.7358E-01 -3.0242E-02  7.7417E-01   -2.239
    17    3   0.1128  -0.1466   0.0000  0.04888   5.4821E-01 -3.1019E-02  5.4909E-01   -3.239
    18    3   0.1128  -0.1955   0.0000  0.04888   2.4847E-01 -1.8606E-02  2.4917E-01   -4.282
    19    5   0.2257   0.1819   0.0000  0.04547  -8.0660E-02 -1.5992E-01  1.7911E-01 -116.765
    20    5   0.2257   0.1364   0.0000  0.04547  -1.7815E-01 -3.3774E-01  3.8184E-01 -117.810
    21    5   0.2257   0.0909   0.0000  0.04547  -2.5095E-01 -4.6176E-01  5.2554E-01 -118.522
    22    5   0.2257   0.0455   0.0000  0.04547  -2.9778E-01 -5.3895E-01  6.1574E-01 -118.922
    23    5   0.2257   0.0000   0.0000  0.04547  -3.1398E-01 -5.6522E-01  6.4657E-01 -119.052
    24    5   0.2257  -0.0455   0.0000  0.04547  -2.9778E-01 -5.3895E-01  6.1574E-01 -118.922
    25    5   0.2257  -0.0909   0.0000  0.04547  -2.5095E-01 -4.6176E-01  5.2554E-01 -118.522
    26    5   0.2257  -0.1364   0.0000  0.04547  -1.7815E-01 -3.3774E-01  3.8184E-01 -117.810
    27    5   0.2257  -0.1819   0.0000  0.04547  -8.0660E-02 -1.5992E-01  1.7911E-01 -116.765
    28 9901   0.0000   0.00003246.3921  0.00102  -5.1626E-06  1.4933E-14  5.1626E-06  180.000



                                        - - - POWER BUDGET - - -

                                           INPUT POWER   = 9.5151E+00 WATTS
                                           RADIATED POWER= 9.5151E+00 WATTS
                                           STRUCTURE LOSS= 0.0000E+00 WATTS
                                           NETWORK LOSS  = 1.7764E-15 WATTS
                                           EFFICIENCY    = 100.00 PERCENT






 ***** DATA CARD NO.  7   FR   0    21     0     0  8.83000E+01  1.00000E+00  0.00000E+00  0.00000E+00  0.00000E+00  0.00000E+00
 ***** DATA CARD NO.  8   RP   0    73     1  1000 -1.80000E+02  0.00000E+00  5.00000E+00  0.00000E+00  0.00000E+00  0.00000E+00




                                 - - - - - - FREQUENCY - - - - - -

                                    FREQUENCY= 8.8300E+01 MHZ
                                    WAVELENGTH= 3.3952E+00 METERS




                    APPROXIMATE INTEGRATION EMPLOYED FOR SEGMENTS MORE THAN   1.000 WAVELENGTHS APART

                    THE EXTENDED THIN WIRE KERNEL WILL BE USED



                               - - - STRUCTURE IMPEDANCE LOADING - - -

                                   THIS STRUCTURE IS NOT LOADED



                                  - - - ANTENNA ENVIRONMENT - - -

                                            FREE SPACE



                                - - - MATRIX TIMING - - -

                        FILL=    0.000 SEC.,  FACTOR=    0.000 SEC.



                                            - - - NETWORK DATA - - -

      - FROM -    - TO -                          -  -  ADMITTANCE MATRIX ELEMENTS (MHOS)  -  -
      TAG  SEG.   TAG  SEG.             (ONE,ONE)                   (ONE,TWO)                   (TWO,TWO)
      NO.   NO.   NO.   NO.        REAL          IMAG.         REAL          IMAG.         REAL          IMAG.
     9901    28     3    14     0.0000E+00    0.0000E+00    0.0000E+00    1.0000E+00    0.0000E+00    0.0000E+00           



                           - - - STRUCTURE EXCITATION DATA AT NETWORK CONNECTION POINTS - - -

   TAG   SEG.    VOLTAGE (VOLTS)         CURRENT (AMPS)         IMPEDANCE (OHMS)        ADMITTANCE (MHOS)      POWER
   NO.   NO.    REAL        IMAG.       REAL        IMAG.       REAL        IMAG.       REAL        IMAG.     (WATTS)
     3    14 1.50730E+01-8.12159E+01 1.00000E+00-1.88474E-16 1.50730E+01-8.12159E+01 2.20908E-03 1.19029E-02 7.53652E+00
  9901    28 0.00000E+00 1.00000E+00-4.63743E-06 9.72255E-15 4.52090E-04-2.15637E+05 9.72255E-15 4.63743E-06 4.86127E-15



                                          - - - ANTENNA INPUT PARAMETERS - - -

   TAG   SEG.    VOLTAGE (VOLTS)         CURRENT (AMPS)         IMPEDANCE (OHMS)        ADMITTANCE (MHOS)      POWER
   NO.   NO.    REAL        IMAG.       REAL        IMAG.       REAL        IMAG.       REAL        IMAG.     (WATTS)
  9901    28 0.00000E+00 1.00000E+00 8.12159E+01 1.50730E+01 2.20908E-03 1.19029E-02 1.50730E+01-8.12159E+01 7.53652E+00



                             - - - CURRENTS AND LOCATION - - -

                                 DISTANCES IN WAVELENGTHS


  SEG.  TAG    COORD. OF SEG. CENTER     SEG.            - - - CURRENT (AMPS) - - -
  NO.   NO.     X        Y        Z      LENGTH     REAL        IMAG.       MAG.        PHASE
     1    1   0.0000   0.1838   0.0000  0.04595  -1.2278E-01 -7.0512E-02  1.4159E-01 -150.132
     2    1   0.0000   0.1378   0.0000  0.04595  -2.7556E-01 -1.5057E-01  3.1402E-01 -151.347
     3    1   0.0000   0.0919   0.0000  0.04595  -3.9141E-01 -2.0627E-01  4.4244E-01 -152.211
     4    1   0.0000   0.0459   0.0000  0.04595  -4.6720E-01 -2.4098E-01  5.2569E-01 -152.716
     5    1   0.0000   0.0000   0.0000  0.04595  -4.9375E-01 -2.5283E-01  5.5472E-01 -152.885
     6    1   0.0000  -0.0459   0.0000  0.04595  -4.6720E-01 -2.4098E-01  5.2569E-01 -152.716
     7    1   0.0000  -0.0919   0.0000  0.04595  -3.9141E-01 -2.0627E-01  4.4244E-01 -152.211
     8    1   0.0000  -0.1378   0.0000  0.04595  -2.7556E-01 -1.5057E-01  3.1402E-01 -151.347
     9    1   0.0000  -0.1838   0.0000  0.04595  -1.2278E-01 -7.0512E-02  1.4159E-01 -150.132
    10    3   0.1014   0.1756   0.0000  0.04390   2.2180E-01 -1.4639E-02  2.2228E-01   -3.776
    11    3   0.1014   0.1317   0.0000  0.04390   4.9453E-01 -2.3376E-02  4.9508E-01   -2.706
    12    3   0.1014   0.0878   0.0000  0.04390   7.1157E-01 -2.2128E-02  7.1191E-01   -1.781
    13    3   0.1014   0.0439   0.0000  0.04390   8.8432E-01 -1.3587E-02  8.8443E-01   -0.880
    14    3   0.1014   0.0000   0.0000  0.04390   1.0000E+00 -1.8847E-16  1.0000E+00    0.000
    15    3   0.1014  -0.0439   0.0000  0.04390   8.8432E-01 -1.3587E-02  8.8443E-01   -0.880
    16    3   0.1014  -0.0878   0.0000  0.04390   7.1157E-01 -2.2127E-02  7.1191E-01   -1.781
    17    3   0.1014  -0.1317   0.0000  0.04390   4.9453E-01 -2.3376E-02  4.9508E-01   -2.706
    18    3   0.1014  -0.1756   0.0000  0.04390   2.2180E-01 -1.4639E-02  2.2228E-01   -3.776
    19    5   0.2027   0.1634   0.0000  0.04084  -3.3226E-02 -3.8667E-02  5.0982E-02 -130.672
    20    5   0.2027   0.1225   0.0000  0.04084  -7.7588E-02 -8.0073E-02  1.1150E-01 -134.097
    21    5   0.2027   0.0817   0.0000  0.04084  -1.1374E-01 -1.0808E-01  1.5691E-01 -136.461
    22    5   0.2027   0.0408   0.0000  0.04084  -1.3841E-01 -1.2532E-01  1.8672E-01 -137.841
    23    5   0.2027   0.0000   0.0000  0.04084  -1.4727E-01 -1.3118E-01  1.9722E-01 -138.306
    24    5   0.2027  -0.0408   0.0000  0.04084  -1.3841E-01 -1.2532E-01  1.8672E-01 -137.841
    25    5   0.2027  -0.0817   0.0000  0.04084  -1.1374E-01 -1.0808E-01  1.5691E-01 -136.461
    26    5   0.2027  -0.1225   0.0000  0.04084  -7.7588E-02 -8.0073E-02  1.1150E-01 -134.097
    27    5   0.2027  -0.1634   0.0000  0.04084  -3.3226E-02 -3.8667E-02  5.0982E-02 -130.672
    28 9901   0.0000   0.00002916.1385  0.00092  -4.6374E-06  9.7225E-15  4.6374E-06  180.000



                                        - - - POWER BUDGET - - -

                                           INPUT POWER   = 7.5365E+00 WATTS
                                           RADIATED POWER= 7.5365E+00 WATTS
                                           STRUCTURE LOSS= 0.0000E+00 WATTS
                                           NETWORK LOSS  =-2.6645E-14 WATTS
                                           EFFICIENCY    = 100.00 PERCENT



                                                - - - RADIATION PATTERNS - - -

  - - ANGLES - -           - POWER GAINS -       - - - POLARIZATION - - -    - - - E(THETA) - - -    - - - E(PHI) - - -
  THETA     PHI        VERT.   HOR.    TOTAL      AXIAL     TILT   SENSE     MAGNITUDE    PHASE      MAGNITUDE    PHASE 
 DEGREES  DEGREES       DB      DB      DB        RATIO     DEG.              VOLTS/M    DEGREES      VOLTS/M    DEGREES
 -180.00     0.00    -151.80    1.50    1.50    0.00000   -90.00  LINEAR    5.46273E-07  -139.88    2.52642E+01    32.80
 -175.00     0.00    -151.84    1.88    1.88    0.00000   -90.00  LINEAR    5.44194E-07  -105.03    2.63794E+01    29.23
 -170.00     0.00    -151.93    2.23    2.23    0.00000    90.00  LINEAR    5.37974E-07   -30.91    2.74849E+01    25.96
 -165.00     0.00    -152.10    2.57    2.57    0.00000    90.00  LINEAR    5.27659E-07    -8.47    2.85685E+01    22.98
 -160.00     0.00    -152.34    2.88    2.88    0.00000   -90.00  LINEAR    5.13329E-07   171.41    2.96197E+01    20.28
 -155.00     0.00    -152.66    3.17    3.17    0.00000    90.00  LINEAR    4.95091E-07   -60.87    3.06299E+01    17.82
 -150.00     0.00    -153.05    3.44    3.44    0.00000   -90.00  LINEAR    4.73086E-07   107.98    3.15921E+01    15.61
 -145.00     0.00    -153.53    3.69    3.69    0.00000    90.00  LINEAR    4.47481E-07    -3.91    3.25002E+01    13.62
 -140.00     0.00    -154.12    3.91    3.91    0.00000    90.00  LINEAR    4.18469E-07   -51.02    3.33488E+01    11.84
 -135.00     0.00    -154.81    4.11    4.11    0.00000   -90.00  LINEAR    3.86273E-07   -97.68    3.41333E+01    10.27
 -130.00     0.00    -155.64    4.29    4.29    0.00000   -90.00  LINEAR    3.51137E-07   105.22    3.48493E+01     8.88
 -125.00     0.00    -156.63    4.45    4.45    0.00000    90.00  LINEAR    3.13329E-07    43.79    3.54927E+01     7.68
 -120.00     0.00    -157.82    4.59    4.59    0.00000   -90.00  LINEAR    2.73136E-07  -114.94    3.60596E+01     6.65
 -115.00     0.00    -159.28    4.71    4.71    0.00000   -90.00  LINEAR    2.30865E-07   121.17    3.65464E+01     5.79
 -110.00     0.00    -161.12    4.80    4.80    0.00000   -90.00  LINEAR    1.86836E-07   133.88    3.69498E+01     5.09
 -105.00     0.00    -163.54    4.88    4.88    0.00000    90.00  LINEAR    1.41386E-07    -0.79    3.72668E+01     4.54
 -100.00     0.00    -167.01    4.93    4.93    0.00000   -90.00  LINEAR    9.48592E-08   132.43    3.74950E+01     4.16
  -95.00     0.00    -173.00    4.96    4.96    0.00000   -90.00  LINEAR    4.76108E-08  -146.96    3.76327E+01     3.93
  -90.00     0.00    -999.99    4.97    4.97    0.00000   -90.00  LINEAR    2.78785E-18   -90.00    3.76787E+01     3.85
  -85.00     0.00    -173.00    4.96    4.96    0.00000   -90.00  LINEAR    4.76108E-08   146.96    3.76327E+01     3.93
  -80.00     0.00    -167.01    4.93    4.93    0.00000   -90.00  LINEAR    9.48592E-08  -132.43    3.74950E+01     4.16
  -75.00     0.00    -163.54    4.88    4.88    0.00000    90.00  LINEAR    1.41386E-07     0.79    3.72668E+01     4.54
  -70.00     0.00    -161.12    4.80    4.80    0.00000   -90.00  LINEAR    1.86836E-07  -133.88    3.69498E+01     5.09
  -65.00     0.00    -159.28    4.71    4.71    0.00000   -90.00  LINEAR    2.30865E-07  -121.18    3.65464E+01     5.79
  -60.00     0.00    -157.82    4.59    4.59    0.00000   -90.00  LINEAR    2.73136E-07   114.94    3.60596E+01     6.65
  -55.00     0.00    -156.63    4.45    4.45    0.00000    90.00  LINEAR    3.13329E-07   -43.79    3.54927E+01     7.68
  -50.00     0.00    -155.64    4.29    4.29    0.00000   -90.00  LINEAR    3.51137E-07  -105.22    3.48493E+01     8.88
  -45.00     0.00    -154.81    4.11    4.11    0.00000    90.00  LINEAR    3.86273E-07    97.68    3.41333E+01    10.27
  -40.00     0.00    -154.12    3.91    3.91    0.00000    90.00  LINEAR    4.18469E-07    51.02    3.33488E+01    11.84
  -35.00     0.00    -153.53    3.69    3.69    0.00000    90.00  LINEAR    4.47481E-07     3.91    3.25002E+01    13.62
  -30.00     0.00    -153.05    3.44    3.44    0.00000   -90.00  LINEAR    4.73086E-07  -107.98    3.15921E+01    15.61
  -25.00     0.00    -152.66    3.17    3.17    0.00000    90.00  LINEAR    4.95091E-07    60.87    3.06299E+01    17.82
  -20.00     0.00    -152.34    2.88    2.88    0.00000   -90.00  LINEAR    5.13329E-07  -171.41    2.96197E+01    20.28
  -15.00     0.00    -152.10    2.57    2.57    0.00000    90.00  LINEAR    5.27659E-07     8.47    2.85685E+01    22.98
  -10.00     0.00    -151.93    2.23    2.23    0.00000    90.00  LINEAR    5.37974E-07    30.91    2.74849E+01    25.96
   -5.00     0.00    -151.84    1.88    1.88    0.00000    90.00  LINEAR    5.44194E-07   105.03    2.63794E+01    29.23
    0.00     0.00    -151.80    1.50    1.50    0.00000   -90.00  LINEAR    5.46273E-07   139.88    2.52642E+01    32.80
    5.00     0.00    -151.84    1.11    1.11    0.00000    90.00  LINEAR    5.44194E-07   105.03    2.41538E+01    36.68
   10.00     0.00    -151.93    0.71    0.71    0.00000    90.00  LINEAR    5.37974E-07    30.91    2.30648E+01    40.88
   15.00     0.00    -152.10    0.30    0.30    0.00000    90.00  LINEAR    5.27659E-07     8.47    2.20154E+01    45.42
   20.00     0.00    -152.34   -0.10   -0.10    0.00000   -90.00  LINEAR    5.13329E-07  -171.41    2.10251E+01    50.26
   25.00     0.00    -152.66   -0.48   -0.48    0.00000    90.00  LINEAR    4.95091E-07    60.87    2.01131E+01    55.39
   30.00     0.00    -153.05   -0.84   -0.84    0.00000   -90.00  LINEAR    4.73086E-07  -107.98    1.92974E+01    60.76
   35.00     0.00    -153.53   -1.16   -1.16    0.00000    90.00  LINEAR    4.47481E-07     3.91    1.85925E+01    66.30
   40.00     0.00    -154.12   -1.44   -1.44    0.00000    90.00  LINEAR    4.18469E-07    51.02    1.80083E+01    71.90
   45.00     0.00    -154.81   -1.67   -1.67    0.00000    90.00  LINEAR    3.86273E-07    97.68    1.75478E+01    77.45
   50.00     0.00    -155.64   -1.84   -1.84    0.00000   -90.00  LINEAR    3.51137E-07  -105.22    1.72071E+01    82.80
   55.00     0.00    -156.63   -1.95   -1.95    0.00000   -90.00  LINEAR    3.13329E-07   -43.79    1.69752E+01    87.83
   60.00     0.00    -157.82   -2.03   -2.03    0.00000    90.00  LINEAR    2.73136E-07   114.94    1.68352E+01    92.40
   65.00     0.00    -159.28   -2.06   -2.06    0.00000   -90.00  LINEAR    2.30865E-07  -121.18    1.67668E+01    96.42
   70.00     0.00    -161.12   -2.07   -2.07    0.00000   -90.00  LINEAR    1.86836E-07  -133.88    1.67482E+01    99.79
   75.00     0.00    -163.54   -2.07   -2.07    0.00000   -90.00  LINEAR    1.41386E-07     0.79    1.67586E+01   102.46
   80.00     0.00    -167.01   -2.05   -2.05    0.00000   -90.00  LINEAR    9.48592E-08  -132.43    1.67798E+01   104.38
   85.00     0.00    -173.00   -2.04   -2.04    0.00000    90.00  LINEAR    4.76108E-08   146.96    1.67983E+01   105.55
   90.00     0.00    -999.99   -2.04   -2.04    0.00000   -90.00  LINEAR    2.78785E-18   -90.00    1.68055E+01   105.94
   95.00     0.00    -173.00   -2.04   -2.04    0.00000   -90.00  LINEAR    4.76108E-08  -146.96    1.67983E+01   105.55
  100.00     0.00    -167.01   -2.05   -2.05    0.00000    90.00  LINEAR    9.48592E-08   132.43    1.67798E+01   104.38
  105.00     0.00    -163.54   -2.07   -2.07    0.00000   -90.00  LINEAR    1.41386E-07    -0.79    1.67586E+01   102.46
  110.00     0.00    -161.12   -2.07   -2.07    0.00000    90.00  LINEAR    1.86836E-07   133.88    1.67482E+01    99.79
  115.00     0.00    -159.28   -2.06   -2.06    0.00000    90.00  LINEAR    2.30865E-07   121.17    1.67668E+01    96.42
  120.00     0.00    -157.82   -2.03   -2.03    0.00000   -90.00  LINEAR    2.73136E-07  -114.94    1.68352E+01    92.40
  125.00     0.00    -156.63   -1.95   -1.95    0.00000    90.00  LINEAR    3.13329E-07    43.79    1.69752E+01    87.83
  130.00     0.00    -155.64   -1.84   -1.84    0.00000    90.00  LINEAR    3.51137E-07   105.22    1.72071E+01    82.80
  135.00     0.00    -154.81   -1.67   -1.67    0.00000   -90.00  LINEAR    3.86273E-07   -97.68    1.75478E+01    77.45
  140.00     0.00    -154.12   -1.44   -1.44    0.00000   -90.00  LINEAR    4.18469E-07   -51.02    1.80083E+01    71.90
  145.00     0.00    -153.53   -1.16   -1.16    0.00000    90.00  LINEAR    4.47481E-07    -3.91    1.85925E+01    66.30
  150.00     0.00    -153.05   -0.84   -0.84    0.00000    90.00  LINEAR    4.73086E-07   107.98    1.92974E+01    60.76
  155.00     0.00    -152.66   -0.48   -0.48    0.00000   -90.00  LINEAR    4.95091E-07   -60.87    2.01131E+01    55.39
  160.00     0.00    -152.34   -0.10   -0.10    0.00000   -90.00  LINEAR    5.13329E-07   171.41    2.10251E+01    50.26
  165.00     0.00    -152.10    0.30    0.30    0.00000    90.00  LINEAR    5.27659E-07    -8.47    2.20154E+01    45.42
  170.00     0.00    -151.93    0.71    0.71    0.00000    90.00  LINEAR    5.37974E-07   -30.91    2.30648E+01    40.88
  175.00     0.00    -151.84    1.11    1.11    0.00000   -90.00  LINEAR    5.44194E-07  -105.03    2.41538E+01    36.68
  180.00     0.00    -151.80    1.50    1.50    0.00000   -90.00  LINEAR    5.46273E-07  -139.88    2.52642E+01    32.80




                                 - - - - - - FREQUENCY - - - - - -

                                    FREQUENCY= 8.9300E+01 MHZ
                                    WAVELENGTH= 3.3572E+00 METERS




                    APPROXIMATE INTEGRATION EMPLOYED FOR SEGMENTS MORE THAN   1.000 WAVELENGTHS APART

                    THE EXTENDED THIN WIRE KERNEL WILL BE USED



                               - - - STRUCTURE IMPEDANCE LOADING - - -

                                   THIS STRUCTURE IS NOT LOADED



                                  - - - ANTENNA ENVIRONMENT - - -

                                            FREE SPACE



                                - - - MATRIX TIMING - - -

                        FILL=    0.000 SEC.,  FACTOR=    0.000 SEC.



                                            - - - NETWORK DATA - - -

      - FROM -    - TO -                          -  -  ADMITTANCE MATRIX ELEMENTS (MHOS)  -  -
      TAG  SEG.   TAG  SEG.             (ONE,ONE)                   (ONE,TWO)                   (TWO,TWO)
      NO.   NO.   NO.   NO.        REAL          IMAG.         REAL          IMAG.         REAL          IMAG.
     9901    28     3    14     0.0000E+00    0.0000E+00    0.0000E+00    1.0000E+00    0.0000E+00    0.0000E+00           



                           - - - STRUCTURE EXCITATION DATA AT NETWORK CONNECTION POINTS - - -

   TAG   SEG.    VOLTAGE (VOLTS)         CURRENT (AMPS)         IMPEDANCE (OHMS)        ADMITTANCE (MHOS)      POWER
   NO.   NO.    REAL        IMAG.       REAL        IMAG.       REAL        IMAG.       REAL        IMAG.     (WATTS)
     3    14 1.39795E+01-7.55671E+01 1.00000E+00 0.00000E+00 1.39795E+01-7.55671E+01 2.36708E-03 1.27954E-02 6.98977E+00
  9901    28 0.00000E+00 1.00000E+00-4.68995E-06 1.01705E-14 4.62388E-04-2.13222E+05 1.01705E-14 4.68995E-06 5.08526E-15



                                          - - - ANTENNA INPUT PARAMETERS - - -

   TAG   SEG.    VOLTAGE (VOLTS)         CURRENT (AMPS)         IMPEDANCE (OHMS)        ADMITTANCE (MHOS)      POWER
   NO.   NO.    REAL        IMAG.       REAL        IMAG.       REAL        IMAG.       REAL        IMAG.     (WATTS)
  9901    28 0.00000E+00 1.00000E+00 7.55671E+01 1.39795E+01 2.36708E-03 1.27954E-02 1.39795E+01-7.55671E+01 6.98977E+00



                             - - - CURRENTS AND LOCATION - - -

                                 DISTANCES IN WAVELENGTHS


  SEG.  TAG    COORD. OF SEG. CENTER     SEG.            - - - CURRENT (AMPS) - - -
  NO.   NO.     X        Y        Z      LENGTH     REAL        IMAG.       MAG.        PHASE
     1    1   0.0000   0.1859   0.0000  0.04647  -1.3648E-01 -6.5144E-02  1.5123E-01 -154.484
     2    1   0.0000   0.1394   0.0000  0.04647  -3.0536E-01 -1.3927E-01  3.3562E-01 -155.482
     3    1   0.0000   0.0929   0.0000  0.04647  -4.3267E-01 -1.9095E-01  4.7293E-01 -156.186
     4    1   0.0000   0.0465   0.0000  0.04647  -5.1558E-01 -2.2319E-01  5.6182E-01 -156.592
     5    1   0.0000   0.0000   0.0000  0.04647  -5.4454E-01 -2.3421E-01  5.9277E-01 -156.727
     6    1   0.0000  -0.0465   0.0000  0.04647  -5.1558E-01 -2.2319E-01  5.6182E-01 -156.592
     7    1   0.0000  -0.0929   0.0000  0.04647  -4.3267E-01 -1.9095E-01  4.7293E-01 -156.186
     8    1   0.0000  -0.1394   0.0000  0.04647  -3.0536E-01 -1.3927E-01  3.3562E-01 -155.482
     9    1   0.0000  -0.1859   0.0000  0.04647  -1.3648E-01 -6.5144E-02  1.5123E-01 -154.484
    10    3   0.1025   0.1776   0.0000  0.04440   2.2384E-01 -1.3843E-02  2.2427E-01   -3.539
    11    3   0.1025   0.1332   0.0000  0.04440   4.9888E-01 -2.2073E-02  4.9937E-01   -2.533
    12    3   0.1025   0.0888   0.0000  0.04440   7.1678E-01 -2.0849E-02  7.1708E-01   -1.666
    13    3   0.1025   0.0444   0.0000  0.04440   8.8811E-01 -1.2773E-02  8.8820E-01   -0.824
    14    3   0.1025   0.0000   0.0000  0.04440   1.0000E+00  0.0000E+00  1.0000E+00    0.000
    15    3   0.1025  -0.0444   0.0000  0.04440   8.8811E-01 -1.2773E-02  8.8820E-01   -0.824
    16    3   0.1025  -0.0888   0.0000  0.04440   7.1678E-01 -2.0849E-02  7.1708E-01   -1.666
    17    3   0.1025  -0.1332   0.0000  0.04440   4.9888E-01 -2.2073E-02  4.9937E-01   -2.533
    18    3   0.1025  -0.1776   0.0000  0.04440   2.2384E-01 -1.3843E-02  2.2427E-01   -3.539
    19    5   0.2050   0.1652   0.0000  0.04130  -3.0143E-02 -3.9549E-02  4.9726E-02 -127.313
    20    5   0.2050   0.1239   0.0000  0.04130  -7.1115E-02 -8.2037E-02  1.0857E-01 -130.921
    21    5   0.2050   0.0826   0.0000  0.04130  -1.0489E-01 -1.1085E-01  1.5261E-01 -133.417
    22    5   0.2050   0.0413   0.0000  0.04130  -1.2804E-01 -1.2860E-01  1.8147E-01 -134.875
    23    5   0.2050   0.0000   0.0000  0.04130  -1.3636E-01 -1.3462E-01  1.9162E-01 -135.366
    24    5   0.2050  -0.0413   0.0000  0.04130  -1.2804E-01 -1.2860E-01  1.8147E-01 -134.875
    25    5   0.2050  -0.0826   0.0000  0.04130  -1.0489E-01 -1.1085E-01  1.5261E-01 -133.417
    26    5   0.2050  -0.1239   0.0000  0.04130  -7.1115E-02 -8.2037E-02  1.0857E-01 -130.921
    27    5   0.2050  -0.1652   0.0000  0.04130  -3.0143E-02 -3.9549E-02  4.9726E-02 -127.313
    28 9901   0.0000   0.00002949.1639  0.00093  -4.6900E-06  1.0171E-14  4.6900E-06  180.000



                                        - - - POWER BUDGET - - -

                                           INPUT POWER   = 6.9898E+00 WATTS
                                           RADIATED POWER= 6.9898E+00 WATTS
                                           STRUCTURE LOSS= 0.0000E+00 WATTS
                                           NETWORK LOSS  =-7.1054E-15 WATTS
                                           EFFICIENCY    = 100.00 PERCENT



                                                - - - RADIATION PATTERNS - - -

  - - ANGLES - -           - POWER GAINS -       - - - POLARIZATION - - -    - - - E(THETA) - - -    - - - E(PHI) - - -
  THETA     PHI        VERT.   HOR.    TOTAL      AXIAL     TILT   SENSE     MAGNITUDE    PHASE      MAGNITUDE    PHASE 
 DEGREES  DEGREES       DB      DB      DB        RATIO     DEG.              VOLTS/M    DEGREES      VOLTS/M    DEGREES
 -180.00     0.00    -151.28    1.28    1.28    0.00000   -90.00  LINEAR    5.58716E-07  -149.00    2.37271E+01    30.01
 -175.00     0.00    -151.31    1.74    1.74    0.00000   -90.00  LINEAR    5.56590E-07   -68.92    2.50051E+01    26.17
 -170.00     0.00    -151.41    2.17    2.17    0.00000   -90.00  LINEAR    5.50228E-07   140.59    2.62723E+01    22.69
 -165.00     0.00    -151.58    2.57    2.57    0.00000    90.00  LINEAR    5.39678E-07    27.51    2.75131E+01    19.54
 -160.00     0.00    -151.82    2.94    2.94    0.00000   -90.00  LINEAR    5.25022E-07   159.28    2.87149E+01    16.71
 -155.00     0.00    -152.13    3.28    3.28    0.00000    90.00  LINEAR    5.06369E-07   -36.07    2.98672E+01    14.15
 -150.00     0.00    -152.53    3.59    3.59    0.00000   -90.00  LINEAR    4.83862E-07  -108.31    3.09618E+01    11.86
 -145.00     0.00    -153.01    3.88    3.88    0.00000    90.00  LINEAR    4.57673E-07   -22.91    3.19918E+01     9.81
 -140.00     0.00    -153.59    4.13    4.13    0.00000   -90.00  LINEAR    4.28001E-07  -158.62    3.29513E+01     7.99
 -135.00     0.00    -154.29    4.36    4.36    0.00000   -90.00  LINEAR    3.95072E-07   135.44    3.38354E+01     6.37
 -130.00     0.00    -155.12    4.57    4.57    0.00000    90.00  LINEAR    3.59136E-07    23.04    3.46399E+01     4.96
 -125.00     0.00    -156.11    4.75    4.75    0.00000    90.00  LINEAR    3.20466E-07    64.47    3.53605E+01     3.73
 -120.00     0.00    -157.30    4.90    4.90    0.00000    90.00  LINEAR    2.79358E-07    60.50    3.59937E+01     2.68
 -115.00     0.00    -158.76    5.03    5.03    0.00000   -90.00  LINEAR    2.36124E-07   136.61    3.65361E+01     1.80
 -110.00     0.00    -160.60    5.14    5.14    0.00000    90.00  LINEAR    1.91092E-07    27.55    3.69845E+01     1.09
 -105.00     0.00    -163.02    5.22    5.22    0.00000   -90.00  LINEAR    1.44606E-07   162.08    3.73362E+01     0.55
 -100.00     0.00    -166.49    5.28    5.28    0.00000   -90.00  LINEAR    9.70200E-08  -132.10    3.75892E+01     0.16
  -95.00     0.00    -172.47    5.31    5.31    0.00000   -90.00  LINEAR    4.86953E-08  -103.17    3.77416E+01    -0.08
  -90.00     0.00    -999.99    5.32    5.32    0.00000    90.00  LINEAR    2.85136E-18   -90.00    3.77925E+01    -0.15
  -85.00     0.00    -172.47    5.31    5.31    0.00000   -90.00  LINEAR    4.86953E-08   103.17    3.77416E+01    -0.08
  -80.00     0.00    -166.49    5.28    5.28    0.00000   -90.00  LINEAR    9.70200E-08   132.10    3.75892E+01     0.16
  -75.00     0.00    -163.02    5.22    5.22    0.00000   -90.00  LINEAR    1.44606E-07  -162.08    3.73362E+01     0.55
  -70.00     0.00    -160.60    5.14    5.14    0.00000    90.00  LINEAR    1.91092E-07   -27.55    3.69845E+01     1.09
  -65.00     0.00    -158.76    5.03    5.03    0.00000   -90.00  LINEAR    2.36124E-07  -136.61    3.65361E+01     1.80
  -60.00     0.00    -157.30    4.90    4.90    0.00000    90.00  LINEAR    2.79358E-07   -60.50    3.59937E+01     2.68
  -55.00     0.00    -156.11    4.75    4.75    0.00000    90.00  LINEAR    3.20466E-07   -64.47    3.53605E+01     3.73
  -50.00     0.00    -155.12    4.57    4.57    0.00000    90.00  LINEAR    3.59136E-07   -23.04    3.46399E+01     4.96
  -45.00     0.00    -154.29    4.36    4.36    0.00000   -90.00  LINEAR    3.95072E-07  -135.44    3.38354E+01     6.37
  -40.00     0.00    -153.59    4.13    4.13    0.00000   -90.00  LINEAR    4.28001E-07   158.62    3.29513E+01     7.99
  -35.00     0.00    -153.01    3.88    3.88    0.00000    90.00  LINEAR    4.57673E-07    22.91    3.19918E+01     9.81
  -30.00     0.00    -152.53    3.59    3.59    0.00000   -90.00  LINEAR    4.83862E-07   108.31    3.09618E+01    11.86
  -25.00     0.00    -152.13    3.28    3.28    0.00000    90.00  LINEAR    5.06369E-07    36.07    2.98672E+01    14.15
  -20.00     0.00    -151.82    2.94    2.94    0.00000   -90.00  LINEAR    5.25022E-07  -159.28    2.87149E+01    16.71
  -15.00     0.00    -151.58    2.57    2.57    0.00000    90.00  LINEAR    5.39678E-07   -27.51    2.75131E+01    19.54
  -10.00     0.00    -151.41    2.17    2.17    0.00000   -90.00  LINEAR    5.50228E-07  -140.59    2.62723E+01    22.69
   -5.00     0.00    -151.31    1.74    1.74    0.00000    90.00  LINEAR    5.56590E-07    68.92    2.50051E+01    26.17
    0.00     0.00    -151.28    1.28    1.28    0.00000   -90.00  LINEAR    5.58716E-07   149.00    2.37271E+01    30.01
    5.00     0.00    -151.31    0.80    0.80    0.00000    90.00  LINEAR    5.56590E-07    68.92    2.24565E+01    34.25
   10.00     0.00    -151.41    0.31    0.31    0.00000   -90.00  LINEAR    5.50228E-07  -140.59    2.12148E+01    38.91
   15.00     0.00    -151.58   -0.19   -0.19    0.00000    90.00  LINEAR    5.39678E-07   -27.51    2.00262E+01    44.01
   20.00     0.00    -151.82   -0.69   -0.69    0.00000   -90.00  LINEAR    5.25022E-07  -159.28    1.89167E+01    49.56
   25.00     0.00    -152.13   -1.16   -1.16    0.00000    90.00  LINEAR    5.06369E-07    36.07    1.79129E+01    55.55
   30.00     0.00    -152.53   -1.59   -1.59    0.00000    90.00  LINEAR    4.83862E-07   108.31    1.70396E+01    61.91
   35.00     0.00    -153.01   -1.97   -1.97    0.00000    90.00  LINEAR    4.57673E-07    22.91    1.63167E+01    68.56
   40.00     0.00    -153.59   -2.27   -2.27    0.00000    90.00  LINEAR    4.28001E-07   158.62    1.57566E+01    75.35
   45.00     0.00    -154.29   -2.49   -2.49    0.00000   -90.00  LINEAR    3.95072E-07  -135.44    1.53609E+01    82.10
   50.00     0.00    -155.12   -2.63   -2.63    0.00000   -90.00  LINEAR    3.59136E-07   -23.04    1.51198E+01    88.59
   55.00     0.00    -156.11   -2.69   -2.69    0.00000   -90.00  LINEAR    3.20466E-07   -64.47    1.50123E+01    94.64
   60.00     0.00    -157.30   -2.70   -2.70    0.00000   -90.00  LINEAR    2.79358E-07   -60.50    1.50099E+01   100.07
   65.00     0.00    -158.76   -2.66   -2.66    0.00000   -90.00  LINEAR    2.36124E-07  -136.61    1.50795E+01   104.77
   70.00     0.00    -160.60   -2.59   -2.59    0.00000   -90.00  LINEAR    1.91092E-07   -27.55    1.51884E+01   108.66
   75.00     0.00    -163.02   -2.53   -2.53    0.00000    90.00  LINEAR    1.44606E-07  -162.08    1.53066E+01   111.70
   80.00     0.00    -166.49   -2.47   -2.47    0.00000    90.00  LINEAR    9.70200E-08   132.10    1.54093E+01   113.87
   85.00     0.00    -172.47   -2.43   -2.43    0.00000    90.00  LINEAR    4.86953E-08   103.17    1.54783E+01   115.18
   90.00     0.00    -999.99   -2.42   -2.42    0.00000   -90.00  LINEAR    2.85136E-18   -90.00    1.55026E+01   115.61
   95.00     0.00    -172.47   -2.43   -2.43    0.00000   -90.00  LINEAR    4.86953E-08  -103.17    1.54783E+01   115.18
  100.00     0.00    -166.49   -2.47   -2.47    0.00000   -90.00  LINEAR    9.70200E-08  -132.10    1.54093E+01   113.87
  105.00     0.00    -163.02   -2.53   -2.53    0.00000    90.00  LINEAR    1.44606E-07   162.08    1.53066E+01   111.70
  110.00     0.00    -160.60   -2.59   -2.59    0.00000    90.00  LINEAR    1.91092E-07    27.55    1.51884E+01   108.66
  115.00     0.00    -158.76   -2.66   -2.66    0.00000    90.00  LINEAR    2.36124E-07   136.61    1.50795E+01   104.77
  120.00     0.00    -157.30   -2.70   -2.70    0.00000    90.00  LINEAR    2.79358E-07    60.50    1.50099E+01   100.07
  125.00     0.00    -156.11   -2.69   -2.69    0.00000    90.00  LINEAR    3.20466E-07    64.47    1.50123E+01    94.64
  130.00     0.00    -155.12   -2.63   -2.63    0.00000    90.00  LINEAR    3.59136E-07    23.04    1.51198E+01    88.59
  135.00     0.00    -154.29   -2.49   -2.49    0.00000    90.00  LINEAR    3.95072E-07   135.44    1.53609E+01    82.10
  140.00     0.00    -153.59   -2.27   -2.27    0.00000   -90.00  LINEAR    4.28001E-07  -158.62    1.57566E+01    75.35
  145.00     0.00    -153.01   -1.97   -1.97    0.00000   -90.00  LINEAR    4.57673E-07   -22.91    1.63167E+01    68.56
  150.00     0.00    -152.53   -1.59   -1.59    0.00000   -90.00  LINEAR    4.83862E-07  -108.31    1.70396E+01    61.91
  155.00     0.00    -152.13   -1.16   -1.16    0.00000   -90.00  LINEAR    5.06369E-07   -36.07    1.79129E+01    55.55
  160.00     0.00    -151.82   -0.69   -0.69    0.00000   -90.00  LINEAR    5.25022E-07   159.28    1.89167E+01    49.56
  165.00     0.00    -151.58   -0.19   -0.19    0.00000    90.00  LINEAR    5.39678E-07    27.51    2.00262E+01    44.01
  170.00     0.00    -151.41    0.31    0.31    0.00000   -90.00  LINEAR    5.50228E-07   140.59    2.12148E+01    38.91
  175.00     0.00    -151.31    0.80    0.80    0.00000   -90.00  LINEAR    5.56590E-07   -68.92    2.24565E+01    34.25
  180.00     0.00    -151.28    1.28    1.28    0.00000   -90.00  LINEAR    5.58716E-07  -149.00    2.37271E+01    30.01




                                 - - - - - - FREQUENCY - - - - - -

                                    FREQUENCY= 9.0300E+01 MHZ
                                    WAVELENGTH= 3.3200E+00 METERS




                    APPROXIMATE INTEGRATION EMPLOYED FOR SEGMENTS MORE THAN   1.000 WAVELENGTHS APART

                    THE EXTENDED THIN WIRE KERNEL WILL BE USED



                               - - - STRUCTURE IMPEDANCE LOADING - - -

                                   THIS STRUCTURE IS NOT LOADED



                                  - - - ANTENNA ENVIRONMENT - - -

                                            FREE SPACE



                                - - - MATRIX TIMING - - -

                        FILL=    0.016 SEC.,  FACTOR=    0.000 SEC.



                                            - - - NETWORK DATA - - -

      - FROM -    - TO -                          -  -  ADMITTANCE MATRIX ELEMENTS (MHOS)  -  -
      TAG  SEG.   TAG  SEG.             (ONE,ONE)                   (ONE,TWO)                   (TWO,TWO)
      NO.   NO.   NO.   NO.        REAL          IMAG.         REAL          IMAG.         REAL          IMAG.
     9901    28     3    14     0.0000E+00    0.0000E+00    0.0000E+00    1.0000E+00    0.0000E+00    0.0000E+00           



                           - - - STRUCTURE EXCITATION DATA AT NETWORK CONNECTION POINTS - - -

   TAG   SEG.    VOLTAGE (VOLTS)         CURRENT (AMPS)         IMPEDANCE (OHMS)        ADMITTANCE (MHOS)      POWER
   NO.   NO.    REAL        IMAG.       REAL        IMAG.       REAL        IMAG.       REAL        IMAG.     (WATTS)
     3    14 1.29228E+01-6.95578E+01 1.00000E+00 9.21497E-17 1.29228E+01-6.95578E+01 2.58183E-03 1.38969E-02 6.46140E+00
  9901    28 0.00000E+00 1.00000E+00-4.74247E-06 1.06338E-14 4.72801E-04-2.10860E+05 1.06338E-14 4.74247E-06 5.31690E-15



                                          - - - ANTENNA INPUT PARAMETERS - - -

   TAG   SEG.    VOLTAGE (VOLTS)         CURRENT (AMPS)         IMPEDANCE (OHMS)        ADMITTANCE (MHOS)      POWER
   NO.   NO.    REAL        IMAG.       REAL        IMAG.       REAL        IMAG.       REAL        IMAG.     (WATTS)
  9901    28 0.00000E+00 1.00000E+00 6.95578E+01 1.29228E+01 2.58183E-03 1.38969E-02 1.29228E+01-6.95578E+01 6.46140E+00



                             - - - CURRENTS AND LOCATION - - -

                                 DISTANCES IN WAVELENGTHS


  SEG.  TAG    COORD. OF SEG. CENTER     SEG.            - - - CURRENT (AMPS) - - -
  NO.   NO.     X        Y        Z      LENGTH     REAL        IMAG.       MAG.        PHASE
     1    1   0.0000   0.1879   0.0000  0.04699  -1.5083E-01 -5.6524E-02  1.6107E-01 -159.456
     2    1   0.0000   0.1410   0.0000  0.04699  -3.3666E-01 -1.2094E-01  3.5772E-01 -160.240
     3    1   0.0000   0.0940   0.0000  0.04699  -4.7608E-01 -1.6592E-01  5.0417E-01 -160.786
     4    1   0.0000   0.0470   0.0000  0.04699  -5.6656E-01 -1.9403E-01  5.9886E-01 -161.095
     5    1   0.0000   0.0000   0.0000  0.04699  -5.9808E-01 -2.0364E-01  6.3179E-01 -161.197
     6    1   0.0000  -0.0470   0.0000  0.04699  -5.6656E-01 -1.9403E-01  5.9886E-01 -161.095
     7    1   0.0000  -0.0940   0.0000  0.04699  -4.7608E-01 -1.6592E-01  5.0417E-01 -160.786
     8    1   0.0000  -0.1410   0.0000  0.04699  -3.3666E-01 -1.2094E-01  3.5772E-01 -160.240
     9    1   0.0000  -0.1879   0.0000  0.04699  -1.5083E-01 -5.6524E-02  1.6107E-01 -159.456
    10    3   0.1037   0.1796   0.0000  0.04490   2.2625E-01 -1.2999E-02  2.2662E-01   -3.288
    11    3   0.1037   0.1347   0.0000  0.04490   5.0388E-01 -2.0723E-02  5.0430E-01   -2.355
    12    3   0.1037   0.0898   0.0000  0.04490   7.2264E-01 -1.9551E-02  7.2291E-01   -1.550
    13    3   0.1037   0.0449   0.0000  0.04490   8.9233E-01 -1.1960E-02  8.9241E-01   -0.768
    14    3   0.1037   0.0000   0.0000  0.04490   1.0000E+00  9.2150E-17  1.0000E+00    0.000
    15    3   0.1037  -0.0449   0.0000  0.04490   8.9233E-01 -1.1960E-02  8.9241E-01   -0.768
    16    3   0.1037  -0.0898   0.0000  0.04490   7.2264E-01 -1.9551E-02  7.2291E-01   -1.550
    17    3   0.1037  -0.1347   0.0000  0.04490   5.0388E-01 -2.0723E-02  5.0430E-01   -2.355
    18    3   0.1037  -0.1796   0.0000  0.04490   2.2625E-01 -1.2999E-02  2.2662E-01   -3.288
    19    5   0.2073   0.1671   0.0000  0.04177  -2.5601E-02 -4.1781E-02  4.9001E-02 -121.498
    20    5   0.2073   0.1253   0.0000  0.04177  -6.1577E-02 -8.6846E-02  1.0646E-01 -125.338
    21    5   0.2073   0.0835   0.0000  0.04177  -9.1852E-02 -1.1750E-01  1.4914E-01 -128.015
    22    5   0.2073   0.0418   0.0000  0.04177  -1.1278E-01 -1.3640E-01  1.7698E-01 -129.586
    23    5   0.2073   0.0000   0.0000  0.04177  -1.2033E-01 -1.4281E-01  1.8675E-01 -130.118
    24    5   0.2073  -0.0418   0.0000  0.04177  -1.1278E-01 -1.3640E-01  1.7698E-01 -129.586
    25    5   0.2073  -0.0835   0.0000  0.04177  -9.1852E-02 -1.1750E-01  1.4914E-01 -128.015
    26    5   0.2073  -0.1253   0.0000  0.04177  -6.1577E-02 -8.6846E-02  1.0646E-01 -125.338
    27    5   0.2073  -0.1671   0.0000  0.04177  -2.5601E-02 -4.1781E-02  4.9001E-02 -121.498
    28 9901   0.0000   0.00002982.1892  0.00094  -4.7425E-06  1.0634E-14  4.7425E-06  180.000



                                        - - - POWER BUDGET - - -

                                           INPUT POWER   = 6.4614E+00 WATTS
                                           RADIATED POWER= 6.4614E+00 WATTS
                                           STRUCTURE LOSS= 0.0000E+00 WATTS
                                           NETWORK LOSS  = 5.3291E-15 WATTS
                                           EFFICIENCY    = 100.00 PERCENT



                                                - - - RADIATION PATTERNS - - -

  - - ANGLES - -           - POWER GAINS -       - - - POLARIZATION - - -    - - - E(THETA) - - -    - - - E(PHI) - - -
  THETA     PHI        VERT.   HOR.    TOTAL      AXIAL     TILT   SENSE     MAGNITUDE    PHASE      MAGNITUDE    PHASE 
 DEGREES  DEGREES       DB      DB      DB        RATIO     DEG.              VOLTS/M    DEGREES      VOLTS/M    DEGREES
 -180.00     0.00    -150.74    0.93    0.93    0.00000   -90.00  LINEAR    5.71300E-07  -158.13    2.19022E+01    27.60
 -175.00     0.00    -150.78    1.49    1.49    0.00000    90.00  LINEAR    5.69126E-07   -32.80    2.33574E+01    23.31
 -170.00     0.00    -150.88    2.01    2.01    0.00000    90.00  LINEAR    5.62620E-07   -47.91    2.48033E+01    19.48
 -165.00     0.00    -151.05    2.49    2.49    0.00000    90.00  LINEAR    5.51833E-07    63.50    2.62196E+01    16.06
 -160.00     0.00    -151.28    2.93    2.93    0.00000   -90.00  LINEAR    5.36846E-07   147.16    2.75901E+01    13.00
 -155.00     0.00    -151.60    3.34    3.34    0.00000    90.00  LINEAR    5.17773E-07   -11.28    2.89019E+01    10.28
 -150.00     0.00    -151.99    3.70    3.70    0.00000    90.00  LINEAR    4.94760E-07    35.41    3.01446E+01     7.85
 -145.00     0.00    -152.48    4.03    4.03    0.00000    90.00  LINEAR    4.67981E-07   -41.91    3.13104E+01     5.69
 -140.00     0.00    -153.06    4.33    4.33    0.00000   -90.00  LINEAR    4.37641E-07    93.78    3.23927E+01     3.77
 -135.00     0.00    -153.75    4.59    4.59    0.00000    90.00  LINEAR    4.03970E-07     8.55    3.33865E+01     2.08
 -130.00     0.00    -154.58    4.82    4.82    0.00000    90.00  LINEAR    3.67224E-07   -59.15    3.42873E+01     0.61
 -125.00     0.00    -155.57    5.02    5.02    0.00000    90.00  LINEAR    3.27684E-07    85.15    3.50915E+01    -0.67
 -120.00     0.00    -156.77    5.19    5.19    0.00000   -90.00  LINEAR    2.85650E-07  -124.06    3.57957E+01    -1.76
 -115.00     0.00    -158.23    5.34    5.34    0.00000   -90.00  LINEAR    2.41441E-07   152.05    3.63971E+01    -2.67
 -110.00     0.00    -160.06    5.46    5.46    0.00000    90.00  LINEAR    1.95396E-07   -78.77    3.68930E+01    -3.40
 -105.00     0.00    -162.48    5.55    5.55    0.00000    90.00  LINEAR    1.47863E-07   -35.05    3.72811E+01    -3.97
 -100.00     0.00    -165.95    5.61    5.61    0.00000    90.00  LINEAR    9.92051E-08   -36.62    3.75598E+01    -4.37
  -95.00     0.00    -171.94    5.65    5.65    0.00000    90.00  LINEAR    4.97920E-08   -59.37    3.77275E+01    -4.61
  -90.00     0.00    -999.99    5.66    5.66    0.00000    90.00  LINEAR    2.91557E-18   -90.00    3.77835E+01    -4.69
  -85.00     0.00    -171.94    5.65    5.65    0.00000    90.00  LINEAR    4.97920E-08    59.37    3.77275E+01    -4.61
  -80.00     0.00    -165.95    5.61    5.61    0.00000    90.00  LINEAR    9.92051E-08    36.62    3.75598E+01    -4.37
  -75.00     0.00    -162.48    5.55    5.55    0.00000    90.00  LINEAR    1.47863E-07    35.05    3.72811E+01    -3.97
  -70.00     0.00    -160.06    5.46    5.46    0.00000    90.00  LINEAR    1.95396E-07    78.77    3.68930E+01    -3.40
  -65.00     0.00    -158.23    5.34    5.34    0.00000   -90.00  LINEAR    2.41441E-07  -152.05    3.63971E+01    -2.67
  -60.00     0.00    -156.77    5.19    5.19    0.00000   -90.00  LINEAR    2.85650E-07   124.06    3.57957E+01    -1.76
  -55.00     0.00    -155.57    5.02    5.02    0.00000    90.00  LINEAR    3.27684E-07   -85.15    3.50915E+01    -0.67
  -50.00     0.00    -154.58    4.82    4.82    0.00000    90.00  LINEAR    3.67224E-07    59.15    3.42873E+01     0.61
  -45.00     0.00    -153.75    4.59    4.59    0.00000    90.00  LINEAR    4.03970E-07    -8.55    3.33865E+01     2.08
  -40.00     0.00    -153.06    4.33    4.33    0.00000   -90.00  LINEAR    4.37641E-07   -93.78    3.23927E+01     3.77
  -35.00     0.00    -152.48    4.03    4.03    0.00000    90.00  LINEAR    4.67981E-07    41.91    3.13104E+01     5.69
  -30.00     0.00    -151.99    3.70    3.70    0.00000    90.00  LINEAR    4.94760E-07   -35.41    3.01446E+01     7.85
  -25.00     0.00    -151.60    3.34    3.34    0.00000    90.00  LINEAR    5.17773E-07    11.28    2.89019E+01    10.28
  -20.00     0.00    -151.28    2.93    2.93    0.00000   -90.00  LINEAR    5.36846E-07  -147.16    2.75901E+01    13.00
  -15.00     0.00    -151.05    2.49    2.49    0.00000    90.00  LINEAR    5.51833E-07   -63.50    2.62196E+01    16.06
  -10.00     0.00    -150.88    2.01    2.01    0.00000    90.00  LINEAR    5.62620E-07    47.91    2.48033E+01    19.48
   -5.00     0.00    -150.78    1.49    1.49    0.00000    90.00  LINEAR    5.69126E-07    32.80    2.33574E+01    23.31
    0.00     0.00    -150.74    0.93    0.93    0.00000   -90.00  LINEAR    5.71300E-07   158.13    2.19022E+01    27.60
    5.00     0.00    -150.78    0.34    0.34    0.00000    90.00  LINEAR    5.69126E-07    32.80    2.04624E+01    32.42
   10.00     0.00    -150.88   -0.28   -0.28    0.00000    90.00  LINEAR    5.62620E-07    47.91    1.90676E+01    37.83
   15.00     0.00    -151.05   -0.90   -0.90    0.00000   -90.00  LINEAR    5.51833E-07   -63.50    1.77521E+01    43.89
   20.00     0.00    -151.28   -1.50   -1.50    0.00000   -90.00  LINEAR    5.36846E-07  -147.16    1.65538E+01    50.64
   25.00     0.00    -151.60   -2.07   -2.07    0.00000    90.00  LINEAR    5.17773E-07    11.28    1.55121E+01    58.07
   30.00     0.00    -151.99   -2.56   -2.56    0.00000   -90.00  LINEAR    4.94760E-07   -35.41    1.46638E+01    66.10
   35.00     0.00    -152.48   -2.94   -2.94    0.00000    90.00  LINEAR    4.67981E-07    41.91    1.40365E+01    74.56
   40.00     0.00    -153.06   -3.18   -3.18    0.00000   -90.00  LINEAR    4.37641E-07   -93.78    1.36425E+01    83.17
   45.00     0.00    -153.75   -3.29   -3.29    0.00000   -90.00  LINEAR    4.03970E-07    -8.55    1.34735E+01    91.59
   50.00     0.00    -154.58   -3.27   -3.27    0.00000    90.00  LINEAR    3.67224E-07    59.15    1.35010E+01    99.48
   55.00     0.00    -155.57   -3.16   -3.16    0.00000   -90.00  LINEAR    3.27684E-07   -85.15    1.36809E+01   106.59
   60.00     0.00    -156.77   -2.98   -2.98    0.00000    90.00  LINEAR    2.85650E-07   124.06    1.39617E+01   112.76
   65.00     0.00    -158.23   -2.78   -2.78    0.00000   -90.00  LINEAR    2.41441E-07  -152.05    1.42919E+01   117.92
   70.00     0.00    -160.06   -2.58   -2.58    0.00000    90.00  LINEAR    1.95396E-07    78.77    1.46253E+01   122.06
   75.00     0.00    -162.48   -2.40   -2.40    0.00000   -90.00  LINEAR    1.47863E-07    35.05    1.49234E+01   125.23
   80.00     0.00    -165.95   -2.27   -2.27    0.00000   -90.00  LINEAR    9.92051E-08    36.62    1.51569E+01   127.45
   85.00     0.00    -171.94   -2.19   -2.19    0.00000    90.00  LINEAR    4.97920E-08    59.37    1.53051E+01   128.76
   90.00     0.00    -999.99   -2.16   -2.16    0.00000   -90.00  LINEAR    2.91557E-18   -90.00    1.53559E+01   129.20
   95.00     0.00    -171.94   -2.19   -2.19    0.00000   -90.00  LINEAR    4.97920E-08   -59.37    1.53051E+01   128.76
  100.00     0.00    -165.95   -2.27   -2.27    0.00000   -90.00  LINEAR    9.92051E-08   -36.62    1.51569E+01   127.45
  105.00     0.00    -162.48   -2.40   -2.40    0.00000   -90.00  LINEAR    1.47863E-07   -35.05    1.49234E+01   125.23
  110.00     0.00    -160.06   -2.58   -2.58    0.00000   -90.00  LINEAR    1.95396E-07   -78.77    1.46253E+01   122.06
  115.00     0.00    -158.23   -2.78   -2.78    0.00000    90.00  LINEAR    2.41441E-07   152.05    1.42919E+01   117.92
  120.00     0.00    -156.77   -2.98   -2.98    0.00000   -90.00  LINEAR    2.85650E-07  -124.06    1.39617E+01   112.76
  125.00     0.00    -155.57   -3.16   -3.16    0.00000    90.00  LINEAR    3.27684E-07    85.15    1.36809E+01   106.59
  130.00     0.00    -154.58   -3.27   -3.27    0.00000   -90.00  LINEAR    3.67224E-07   -59.15    1.35010E+01    99.48
  135.00     0.00    -153.75   -3.29   -3.29    0.00000    90.00  LINEAR    4.03970E-07     8.55    1.34735E+01    91.59
  140.00     0.00    -153.06   -3.18   -3.18    0.00000    90.00  LINEAR    4.37641E-07    93.78    1.36425E+01    83.17
  145.00     0.00    -152.48   -2.94   -2.94    0.00000   -90.00  LINEAR    4.67981E-07   -41.91    1.40365E+01    74.56
  150.00     0.00    -151.99   -2.56   -2.56    0.00000    90.00  LINEAR    4.94760E-07    35.41    1.46638E+01    66.10
  155.00     0.00    -151.60   -2.07   -2.07    0.00000    90.00  LINEAR    5.17773E-07   -11.28    1.55121E+01    58.07
  160.00     0.00    -151.28   -1.50   -1.50    0.00000   -90.00  LINEAR    5.36846E-07   147.16    1.65538E+01    50.64
  165.00     0.00    -151.05   -0.90   -0.90    0.00000    90.00  LINEAR    5.51833E-07    63.50    1.77521E+01    43.89
  170.00     0.00    -150.88   -0.28   -0.28    0.00000    90.00  LINEAR    5.62620E-07   -47.91    1.90676E+01    37.83
  175.00     0.00    -150.78    0.34    0.34    0.00000    90.00  LINEAR    5.69126E-07   -32.80    2.04624E+01    32.42
  180.00     0.00    -150.74    0.93    0.93    0.00000   -90.00  LINEAR    5.71300E-07  -158.13    2.19022E+01    27.60




                                 - - - - - - FREQUENCY - - - - - -

                                    FREQUENCY= 9.1300E+01 MHZ
                                    WAVELENGTH= 3.2837E+00 METERS




                    APPROXIMATE INTEGRATION EMPLOYED FOR SEGMENTS MORE THAN   1.000 WAVELENGTHS APART

                    THE EXTENDED THIN WIRE KERNEL WILL BE USED



                               - - - STRUCTURE IMPEDANCE LOADING - - -

                                   THIS STRUCTURE IS NOT LOADED



                                  - - - ANTENNA ENVIRONMENT - - -

                                            FREE SPACE



                                - - - MATRIX TIMING - - -

                        FILL=    0.000 SEC.,  FACTOR=    0.000 SEC.



                                            - - - NETWORK DATA - - -

      - FROM -    - TO -                          -  -  ADMITTANCE MATRIX ELEMENTS (MHOS)  -  -
      TAG  SEG.   TAG  SEG.             (ONE,ONE)                   (ONE,TWO)                   (TWO,TWO)
      NO.   NO.   NO.   NO.        REAL          IMAG.         REAL          IMAG.         REAL          IMAG.
     9901    28     3    14     0.0000E+00    0.0000E+00    0.0000E+00    1.0000E+00    0.0000E+00    0.0000E+00           



                           - - - STRUCTURE EXCITATION DATA AT NETWORK CONNECTION POINTS - - -

   TAG   SEG.    VOLTAGE (VOLTS)         CURRENT (AMPS)         IMPEDANCE (OHMS)        ADMITTANCE (MHOS)      POWER
   NO.   NO.    REAL        IMAG.       REAL        IMAG.       REAL        IMAG.       REAL        IMAG.     (WATTS)
     3    14 1.20511E+01-6.31413E+01 1.00000E+00 1.82281E-16 1.20511E+01-6.31413E+01 2.91649E-03 1.52808E-02 6.02556E+00
  9901    28 0.00000E+00 1.00000E+00-4.79499E-06 1.11127E-14 4.83331E-04-2.08551E+05 1.11127E-14 4.79499E-06 5.55636E-15



                                          - - - ANTENNA INPUT PARAMETERS - - -

   TAG   SEG.    VOLTAGE (VOLTS)         CURRENT (AMPS)         IMPEDANCE (OHMS)        ADMITTANCE (MHOS)      POWER
   NO.   NO.    REAL        IMAG.       REAL        IMAG.       REAL        IMAG.       REAL        IMAG.     (WATTS)
  9901    28 0.00000E+00 1.00000E+00 6.31413E+01 1.20511E+01 2.91649E-03 1.52809E-02 1.20511E+01-6.31413E+01 6.02556E+00



                             - - - CURRENTS AND LOCATION - - -

                                 DISTANCES IN WAVELENGTHS


  SEG.  TAG    COORD. OF SEG. CENTER     SEG.            - - - CURRENT (AMPS) - - -
  NO.   NO.     X        Y        Z      LENGTH     REAL        IMAG.       MAG.        PHASE
     1    1   0.0000   0.1900   0.0000  0.04751  -1.6500E-01 -4.3694E-02  1.7069E-01 -165.168
     2    1   0.0000   0.1425   0.0000  0.04751  -3.6770E-01 -9.3478E-02  3.7940E-01 -165.736
     3    1   0.0000   0.0950   0.0000  0.04751  -5.1925E-01 -1.2826E-01  5.3486E-01 -166.125
     4    1   0.0000   0.0475   0.0000  0.04751  -6.1730E-01 -1.5003E-01  6.3527E-01 -166.340
     5    1   0.0000   0.0000   0.0000  0.04751  -6.5138E-01 -1.5748E-01  6.7015E-01 -166.409
     6    1   0.0000  -0.0475   0.0000  0.04751  -6.1730E-01 -1.5003E-01  6.3527E-01 -166.340
     7    1   0.0000  -0.0950   0.0000  0.04751  -5.1925E-01 -1.2826E-01  5.3486E-01 -166.125
     8    1   0.0000  -0.1425   0.0000  0.04751  -3.6770E-01 -9.3478E-02  3.7940E-01 -165.736
     9    1   0.0000  -0.1900   0.0000  0.04751  -1.6500E-01 -4.3694E-02  1.7069E-01 -165.168
    10    3   0.1048   0.1816   0.0000  0.04540   2.2910E-01 -1.2222E-02  2.2942E-01   -3.054
    11    3   0.1048   0.1362   0.0000  0.04540   5.0962E-01 -1.9527E-02  5.1000E-01   -2.194
    12    3   0.1048   0.0908   0.0000  0.04540   7.2927E-01 -1.8440E-02  7.2950E-01   -1.448
    13    3   0.1048   0.0454   0.0000  0.04540   8.9704E-01 -1.1281E-02  8.9711E-01   -0.721
    14    3   0.1048   0.0000   0.0000  0.04540   1.0000E+00  1.8228E-16  1.0000E+00    0.000
    15    3   0.1048  -0.0454   0.0000  0.04540   8.9704E-01 -1.1281E-02  8.9711E-01   -0.721
    16    3   0.1048  -0.0908   0.0000  0.04540   7.2927E-01 -1.8440E-02  7.2950E-01   -1.448
    17    3   0.1048  -0.1362   0.0000  0.04540   5.0962E-01 -1.9527E-02  5.1000E-01   -2.194
    18    3   0.1048  -0.1816   0.0000  0.04540   2.2910E-01 -1.2222E-02  2.2942E-01   -3.054
    19    5   0.2096   0.1689   0.0000  0.04223  -1.9641E-02 -4.6367E-02  5.0356E-02 -112.958
    20    5   0.2096   0.1267   0.0000  0.04223  -4.9051E-02 -9.6615E-02  1.0835E-01 -116.916
    21    5   0.2096   0.0845   0.0000  0.04223  -7.4732E-02 -1.3092E-01  1.5075E-01 -119.719
    22    5   0.2096   0.0422   0.0000  0.04223  -9.2758E-02 -1.5209E-01  1.7814E-01 -121.379
    23    5   0.2096   0.0000   0.0000  0.04223  -9.9306E-02 -1.5927E-01  1.8769E-01 -121.943
    24    5   0.2096  -0.0422   0.0000  0.04223  -9.2758E-02 -1.5209E-01  1.7814E-01 -121.379
    25    5   0.2096  -0.0845   0.0000  0.04223  -7.4732E-02 -1.3092E-01  1.5075E-01 -119.719
    26    5   0.2096  -0.1267   0.0000  0.04223  -4.9051E-02 -9.6615E-02  1.0835E-01 -116.916
    27    5   0.2096  -0.1689   0.0000  0.04223  -1.9641E-02 -4.6367E-02  5.0356E-02 -112.958
    28 9901   0.0000   0.00003015.2146  0.00095  -4.7950E-06  1.1113E-14  4.7950E-06  180.000



                                        - - - POWER BUDGET - - -

                                           INPUT POWER   = 6.0256E+00 WATTS
                                           RADIATED POWER= 6.0256E+00 WATTS
                                           STRUCTURE LOSS= 0.0000E+00 WATTS
                                           NETWORK LOSS  =-8.8818E-15 WATTS
                                           EFFICIENCY    = 100.00 PERCENT



                                                - - - RADIATION PATTERNS - - -

  - - ANGLES - -           - POWER GAINS -       - - - POLARIZATION - - -    - - - E(THETA) - - -    - - - E(PHI) - - -
  THETA     PHI        VERT.   HOR.    TOTAL      AXIAL     TILT   SENSE     MAGNITUDE    PHASE      MAGNITUDE    PHASE 
 DEGREES  DEGREES       DB      DB      DB        RATIO     DEG.              VOLTS/M    DEGREES      VOLTS/M    DEGREES
 -180.00     0.00    -150.25    0.36    0.36    0.00000   -90.00  LINEAR    5.84023E-07  -167.26    1.98107E+01    26.03
 -175.00     0.00    -150.28    1.05    1.05    0.00000    90.00  LINEAR    5.81801E-07     3.31    2.14403E+01    20.96
 -170.00     0.00    -150.38    1.68    1.68    0.00000   -90.00  LINEAR    5.75151E-07   123.58    2.30702E+01    16.54
 -165.00     0.00    -150.55    2.27    2.27    0.00000    90.00  LINEAR    5.64123E-07    99.48    2.46716E+01    12.65
 -160.00     0.00    -150.79    2.79    2.79    0.00000   -90.00  LINEAR    5.48802E-07   135.03    2.62222E+01     9.24
 -155.00     0.00    -151.10    3.27    3.27    0.00000    90.00  LINEAR    5.29305E-07    13.51    2.77049E+01     6.22
 -150.00     0.00    -151.50    3.70    3.70    0.00000   -90.00  LINEAR    5.05779E-07   179.12    2.91065E+01     3.55
 -145.00     0.00    -151.98    4.08    4.08    0.00000    90.00  LINEAR    4.78404E-07   -60.91    3.04173E+01     1.20
 -140.00     0.00    -152.56    4.42    4.42    0.00000    90.00  LINEAR    4.47388E-07   -13.82    3.16298E+01    -0.87
 -135.00     0.00    -153.26    4.72    4.72    0.00000   -90.00  LINEAR    4.12967E-07  -118.33    3.27387E+01    -2.69
 -130.00     0.00    -154.09    4.98    4.98    0.00000   -90.00  LINEAR    3.75403E-07  -141.33    3.37397E+01    -4.27
 -125.00     0.00    -155.08    5.21    5.21    0.00000   -90.00  LINEAR    3.34982E-07   105.82    3.46296E+01    -5.64
 -120.00     0.00    -156.27    5.40    5.40    0.00000    90.00  LINEAR    2.92011E-07    51.37    3.54058E+01    -6.80
 -115.00     0.00    -157.73    5.56    5.56    0.00000   -90.00  LINEAR    2.46819E-07   167.49    3.60662E+01    -7.76
 -110.00     0.00    -159.57    5.69    5.69    0.00000   -90.00  LINEAR    1.99748E-07   174.91    3.66090E+01    -8.54
 -105.00     0.00    -161.99    5.79    5.79    0.00000   -90.00  LINEAR    1.51156E-07   127.81    3.70328E+01    -9.14
 -100.00     0.00    -165.46    5.86    5.86    0.00000    90.00  LINEAR    1.01414E-07    58.85    3.73364E+01    -9.56
  -95.00     0.00    -171.44    5.91    5.91    0.00000    90.00  LINEAR    5.09009E-08   -15.58    3.75189E+01    -9.81
  -90.00     0.00    -999.99    5.92    5.92    0.00000    90.00  LINEAR    2.98051E-18   -90.00    3.75798E+01    -9.90
  -85.00     0.00    -171.44    5.91    5.91    0.00000    90.00  LINEAR    5.09009E-08    15.58    3.75189E+01    -9.81
  -80.00     0.00    -165.46    5.86    5.86    0.00000    90.00  LINEAR    1.01414E-07   -58.85    3.73364E+01    -9.56
  -75.00     0.00    -161.99    5.79    5.79    0.00000   -90.00  LINEAR    1.51156E-07  -127.81    3.70328E+01    -9.14
  -70.00     0.00    -159.57    5.69    5.69    0.00000   -90.00  LINEAR    1.99748E-07  -174.91    3.66090E+01    -8.54
  -65.00     0.00    -157.73    5.56    5.56    0.00000   -90.00  LINEAR    2.46819E-07  -167.49    3.60662E+01    -7.76
  -60.00     0.00    -156.27    5.40    5.40    0.00000    90.00  LINEAR    2.92011E-07   -51.37    3.54058E+01    -6.80
  -55.00     0.00    -155.08    5.21    5.21    0.00000   -90.00  LINEAR    3.34982E-07  -105.82    3.46296E+01    -5.64
  -50.00     0.00    -154.09    4.98    4.98    0.00000   -90.00  LINEAR    3.75403E-07   141.33    3.37397E+01    -4.27
  -45.00     0.00    -153.26    4.72    4.72    0.00000   -90.00  LINEAR    4.12967E-07   118.33    3.27387E+01    -2.69
  -40.00     0.00    -152.56    4.42    4.42    0.00000    90.00  LINEAR    4.47388E-07    13.82    3.16298E+01    -0.87
  -35.00     0.00    -151.98    4.08    4.08    0.00000    90.00  LINEAR    4.78404E-07    60.91    3.04173E+01     1.20
  -30.00     0.00    -151.50    3.70    3.70    0.00000   -90.00  LINEAR    5.05779E-07  -179.12    2.91065E+01     3.55
  -25.00     0.00    -151.10    3.27    3.27    0.00000    90.00  LINEAR    5.29305E-07   -13.51    2.77049E+01     6.22
  -20.00     0.00    -150.79    2.79    2.79    0.00000   -90.00  LINEAR    5.48802E-07  -135.03    2.62222E+01     9.24
  -15.00     0.00    -150.55    2.27    2.27    0.00000   -90.00  LINEAR    5.64123E-07   -99.48    2.46716E+01    12.65
  -10.00     0.00    -150.38    1.68    1.68    0.00000   -90.00  LINEAR    5.75151E-07  -123.58    2.30702E+01    16.54
   -5.00     0.00    -150.28    1.05    1.05    0.00000    90.00  LINEAR    5.81801E-07    -3.31    2.14403E+01    20.96
    0.00     0.00    -150.25    0.36    0.36    0.00000   -90.00  LINEAR    5.84023E-07   167.26    1.98107E+01    26.03
    5.00     0.00    -150.28   -0.37   -0.37    0.00000    90.00  LINEAR    5.81801E-07    -3.31    1.82176E+01    31.87
   10.00     0.00    -150.38   -1.12   -1.12    0.00000   -90.00  LINEAR    5.75151E-07  -123.58    1.67062E+01    38.60
   15.00     0.00    -150.55   -1.87   -1.87    0.00000   -90.00  LINEAR    5.64123E-07   -99.48    1.53306E+01    46.36
   20.00     0.00    -150.79   -2.56   -2.56    0.00000   -90.00  LINEAR    5.48802E-07  -135.03    1.41527E+01    55.22
   25.00     0.00    -151.10   -3.14   -3.14    0.00000    90.00  LINEAR    5.29305E-07   -13.51    1.32356E+01    65.12
   30.00     0.00    -151.50   -3.55   -3.55    0.00000   -90.00  LINEAR    5.05779E-07  -179.12    1.26324E+01    75.79
   35.00     0.00    -151.98   -3.73   -3.73    0.00000    90.00  LINEAR    4.78404E-07    60.91    1.23690E+01    86.75
   40.00     0.00    -152.56   -3.69   -3.69    0.00000    90.00  LINEAR    4.47388E-07    13.82    1.24328E+01    97.38
   45.00     0.00    -153.26   -3.45   -3.45    0.00000    90.00  LINEAR    4.12967E-07   118.33    1.27726E+01   107.12
   50.00     0.00    -154.09   -3.09   -3.09    0.00000    90.00  LINEAR    3.75403E-07   141.33    1.33131E+01   115.66
   55.00     0.00    -155.08   -2.67   -2.67    0.00000   -90.00  LINEAR    3.34982E-07  -105.82    1.39730E+01   122.86
   60.00     0.00    -156.27   -2.25   -2.25    0.00000   -90.00  LINEAR    2.92011E-07   -51.37    1.46776E+01   128.78
   65.00     0.00    -157.73   -1.85   -1.85    0.00000    90.00  LINEAR    2.46819E-07  -167.49    1.53646E+01   133.53
   70.00     0.00    -159.57   -1.50   -1.50    0.00000    90.00  LINEAR    1.99748E-07  -174.91    1.59850E+01   137.22
   75.00     0.00    -161.99   -1.23   -1.23    0.00000   -90.00  LINEAR    1.51156E-07  -127.81    1.65020E+01   139.98
   80.00     0.00    -165.46   -1.03   -1.03    0.00000   -90.00  LINEAR    1.01414E-07   -58.85    1.68890E+01   141.89
   85.00     0.00    -171.44   -0.90   -0.90    0.00000   -90.00  LINEAR    5.09009E-08    15.58    1.71280E+01   143.02
   90.00     0.00    -999.99   -0.86   -0.86    0.00000   -90.00  LINEAR    2.98051E-18   -90.00    1.72088E+01   143.39
   95.00     0.00    -171.44   -0.90   -0.90    0.00000   -90.00  LINEAR    5.09009E-08   -15.58    1.71280E+01   143.02
  100.00     0.00    -165.46   -1.03   -1.03    0.00000    90.00  LINEAR    1.01414E-07    58.85    1.68890E+01   141.89
  105.00     0.00    -161.99   -1.23   -1.23    0.00000    90.00  LINEAR    1.51156E-07   127.81    1.65020E+01   139.98
  110.00     0.00    -159.57   -1.50   -1.50    0.00000    90.00  LINEAR    1.99748E-07   174.91    1.59850E+01   137.22
  115.00     0.00    -157.73   -1.85   -1.85    0.00000    90.00  LINEAR    2.46819E-07   167.49    1.53646E+01   133.53
  120.00     0.00    -156.27   -2.25   -2.25    0.00000    90.00  LINEAR    2.92011E-07    51.37    1.46776E+01   128.78
  125.00     0.00    -155.08   -2.67   -2.67    0.00000    90.00  LINEAR    3.34982E-07   105.82    1.39730E+01   122.86
  130.00     0.00    -154.09   -3.09   -3.09    0.00000   -90.00  LINEAR    3.75403E-07  -141.33    1.33131E+01   115.66
  135.00     0.00    -153.26   -3.45   -3.45    0.00000   -90.00  LINEAR    4.12967E-07  -118.33    1.27726E+01   107.12
  140.00     0.00    -152.56   -3.69   -3.69    0.00000   -90.00  LINEAR    4.47388E-07   -13.82    1.24328E+01    97.38
  145.00     0.00    -151.98   -3.73   -3.73    0.00000   -90.00  LINEAR    4.78404E-07   -60.91    1.23690E+01    86.75
  150.00     0.00    -151.50   -3.55   -3.55    0.00000   -90.00  LINEAR    5.05779E-07   179.12    1.26324E+01    75.79
  155.00     0.00    -151.10   -3.14   -3.14    0.00000    90.00  LINEAR    5.29305E-07    13.51    1.32356E+01    65.12
  160.00     0.00    -150.79   -2.56   -2.56    0.00000    90.00  LINEAR    5.48802E-07   135.03    1.41527E+01    55.22
  165.00     0.00    -150.55   -1.87   -1.87    0.00000    90.00  LINEAR    5.64123E-07    99.48    1.53306E+01    46.36
  170.00     0.00    -150.38   -1.12   -1.12    0.00000    90.00  LINEAR    5.75151E-07   123.58    1.67062E+01    38.60
  175.00     0.00    -150.28   -0.37   -0.37    0.00000    90.00  LINEAR    5.81801E-07     3.31    1.82176E+01    31.87
  180.00     0.00    -150.25    0.36    0.36    0.00000   -90.00  LINEAR    5.84023E-07  -167.26    1.98107E+01    26.03




                                 - - - - - - FREQUENCY - - - - - -

                                    FREQUENCY= 9.2300E+01 MHZ
                                    WAVELENGTH= 3.2481E+00 METERS




                    APPROXIMATE INTEGRATION EMPLOYED FOR SEGMENTS MORE THAN   1.000 WAVELENGTHS APART

                    THE EXTENDED THIN WIRE KERNEL WILL BE USED



                               - - - STRUCTURE IMPEDANCE LOADING - - -

                                   THIS STRUCTURE IS NOT LOADED



                                  - - - ANTENNA ENVIRONMENT - - -

                                            FREE SPACE



                                - - - MATRIX TIMING - - -

                        FILL=    0.000 SEC.,  FACTOR=    0.000 SEC.



                                            - - - NETWORK DATA - - -

      - FROM -    - TO -                          -  -  ADMITTANCE MATRIX ELEMENTS (MHOS)  -  -
      TAG  SEG.   TAG  SEG.             (ONE,ONE)                   (ONE,TWO)                   (TWO,TWO)
      NO.   NO.   NO.   NO.        REAL          IMAG.         REAL          IMAG.         REAL          IMAG.
     9901    28     3    14     0.0000E+00    0.0000E+00    0.0000E+00    1.0000E+00    0.0000E+00    0.0000E+00           



                           - - - STRUCTURE EXCITATION DATA AT NETWORK CONNECTION POINTS - - -

   TAG   SEG.    VOLTAGE (VOLTS)         CURRENT (AMPS)         IMPEDANCE (OHMS)        ADMITTANCE (MHOS)      POWER
   NO.   NO.    REAL        IMAG.       REAL        IMAG.       REAL        IMAG.       REAL        IMAG.     (WATTS)
     3    14 1.15767E+01-5.63339E+01 1.00000E+00 2.70459E-16 1.15767E+01-5.63339E+01 3.50009E-03 1.70320E-02 5.78833E+00
  9901    28 0.00000E+00 1.00000E+00-4.84751E-06 1.16076E-14 4.93977E-04-2.06291E+05 1.16076E-14 4.84751E-06 5.80382E-15



                                          - - - ANTENNA INPUT PARAMETERS - - -

   TAG   SEG.    VOLTAGE (VOLTS)         CURRENT (AMPS)         IMPEDANCE (OHMS)        ADMITTANCE (MHOS)      POWER
   NO.   NO.    REAL        IMAG.       REAL        IMAG.       REAL        IMAG.       REAL        IMAG.     (WATTS)
  9901    28 0.00000E+00 1.00000E+00 5.63339E+01 1.15767E+01 3.50009E-03 1.70320E-02 1.15767E+01-5.63339E+01 5.78833E+00



                             - - - CURRENTS AND LOCATION - - -

                                 DISTANCES IN WAVELENGTHS


  SEG.  TAG    COORD. OF SEG. CENTER     SEG.            - - - CURRENT (AMPS) - - -
  NO.   NO.     X        Y        Z      LENGTH     REAL        IMAG.       MAG.        PHASE
     1    1   0.0000   0.1921   0.0000  0.04803  -1.7745E-01 -2.5750E-02  1.7930E-01 -171.743
     2    1   0.0000   0.1441   0.0000  0.04803  -3.9512E-01 -5.4875E-02  3.9891E-01 -172.093
     3    1   0.0000   0.0961   0.0000  0.04803  -5.5753E-01 -7.5144E-02  5.6257E-01 -172.324
     4    1   0.0000   0.0480   0.0000  0.04803  -6.6237E-01 -8.7863E-02  6.6817E-01 -172.444
     5    1   0.0000   0.0000   0.0000  0.04803  -6.9876E-01 -9.2239E-02  7.0482E-01 -172.480
     6    1   0.0000  -0.0480   0.0000  0.04803  -6.6237E-01 -8.7863E-02  6.6817E-01 -172.444
     7    1   0.0000  -0.0961   0.0000  0.04803  -5.5753E-01 -7.5144E-02  5.6257E-01 -172.324
     8    1   0.0000  -0.1441   0.0000  0.04803  -3.9512E-01 -5.4875E-02  3.9891E-01 -172.093
     9    1   0.0000  -0.1921   0.0000  0.04803  -1.7745E-01 -2.5750E-02  1.7930E-01 -171.743
    10    3   0.1060   0.1836   0.0000  0.04589   2.3241E-01 -1.1697E-02  2.3271E-01   -2.881
    11    3   0.1060   0.1377   0.0000  0.04589   5.1615E-01 -1.8799E-02  5.1649E-01   -2.086
    12    3   0.1060   0.0918   0.0000  0.04589   7.3667E-01 -1.7827E-02  7.3688E-01   -1.386
    13    3   0.1060   0.0459   0.0000  0.04589   9.0223E-01 -1.0936E-02  9.0230E-01   -0.694
    14    3   0.1060   0.0000   0.0000  0.04589   1.0000E+00  2.7046E-16  1.0000E+00    0.000
    15    3   0.1060  -0.0459   0.0000  0.04589   9.0223E-01 -1.0936E-02  9.0230E-01   -0.694
    16    3   0.1060  -0.0918   0.0000  0.04589   7.3667E-01 -1.7827E-02  7.3688E-01   -1.386
    17    3   0.1060  -0.1377   0.0000  0.04589   5.1615E-01 -1.8799E-02  5.1649E-01   -2.086
    18    3   0.1060  -0.1836   0.0000  0.04589   2.3241E-01 -1.1697E-02  2.3271E-01   -2.881
    19    5   0.2119   0.1708   0.0000  0.04269  -1.2837E-02 -5.4655E-02  5.6142E-02 -103.218
    20    5   0.2119   0.1281   0.0000  0.04269  -3.4736E-02 -1.1419E-01  1.1936E-01 -106.920
    21    5   0.2119   0.0854   0.0000  0.04269  -5.5158E-02 -1.5500E-01  1.6452E-01 -109.589
    22    5   0.2119   0.0427   0.0000  0.04269  -6.9858E-02 -1.8021E-01  1.9328E-01 -111.189
    23    5   0.2119   0.0000   0.0000  0.04269  -7.5256E-02 -1.8877E-01  2.0322E-01 -111.736
    24    5   0.2119  -0.0427   0.0000  0.04269  -6.9858E-02 -1.8021E-01  1.9328E-01 -111.189
    25    5   0.2119  -0.0854   0.0000  0.04269  -5.5158E-02 -1.5500E-01  1.6452E-01 -109.589
    26    5   0.2119  -0.1281   0.0000  0.04269  -3.4736E-02 -1.1419E-01  1.1936E-01 -106.920
    27    5   0.2119  -0.1708   0.0000  0.04269  -1.2837E-02 -5.4655E-02  5.6142E-02 -103.218
    28 9901   0.0000   0.00003048.2400  0.00096  -4.8475E-06  1.1608E-14  4.8475E-06  180.000



                                        - - - POWER BUDGET - - -

                                           INPUT POWER   = 5.7883E+00 WATTS
                                           RADIATED POWER= 5.7883E+00 WATTS
                                           STRUCTURE LOSS= 0.0000E+00 WATTS
                                           NETWORK LOSS  =-8.8818E-15 WATTS
                                           EFFICIENCY    = 100.00 PERCENT



                                                - - - RADIATION PATTERNS - - -

  - - ANGLES - -           - POWER GAINS -       - - - POLARIZATION - - -    - - - E(THETA) - - -    - - - E(PHI) - - -
  THETA     PHI        VERT.   HOR.    TOTAL      AXIAL     TILT   SENSE     MAGNITUDE    PHASE      MAGNITUDE    PHASE 
 DEGREES  DEGREES       DB      DB      DB        RATIO     DEG.              VOLTS/M    DEGREES      VOLTS/M    DEGREES
 -180.00     0.00    -149.89   -0.51   -0.51    0.00000   -90.00  LINEAR    5.96887E-07  -176.38    1.75648E+01    26.15
 -175.00     0.00    -149.92    0.32    0.32    0.00000    90.00  LINEAR    5.94615E-07    39.43    1.93198E+01    19.71
 -170.00     0.00    -150.02    1.08    1.08    0.00000    90.00  LINEAR    5.87819E-07   -64.92    2.11057E+01    14.24
 -165.00     0.00    -150.19    1.78    1.78    0.00000   -90.00  LINEAR    5.76548E-07   135.47    2.28770E+01     9.57
 -160.00     0.00    -150.43    2.41    2.41    0.00000   -90.00  LINEAR    5.60890E-07   122.91    2.45996E+01     5.54
 -155.00     0.00    -150.74    2.98    2.98    0.00000    90.00  LINEAR    5.40963E-07    38.30    2.62487E+01     2.03
 -150.00     0.00    -151.14    3.48    3.48    0.00000    90.00  LINEAR    5.16919E-07   -37.16    2.78061E+01    -1.02
 -145.00     0.00    -151.62    3.92    3.92    0.00000    90.00  LINEAR    4.88941E-07   -79.92    2.92589E+01    -3.69
 -140.00     0.00    -152.20    4.31    4.31    0.00000   -90.00  LINEAR    4.57242E-07  -121.42    3.05980E+01    -6.02
 -135.00     0.00    -152.90    4.65    4.65    0.00000   -90.00  LINEAR    4.22062E-07   114.79    3.18173E+01    -8.04
 -130.00     0.00    -153.72    4.94    4.94    0.00000   -90.00  LINEAR    3.83671E-07   136.49    3.29129E+01    -9.80
 -125.00     0.00    -154.71    5.20    5.20    0.00000   -90.00  LINEAR    3.42360E-07   126.50    3.38823E+01   -11.30
 -120.00     0.00    -155.91    5.41    5.41    0.00000   -90.00  LINEAR    2.98443E-07  -133.19    3.47238E+01   -12.58
 -115.00     0.00    -157.37    5.59    5.59    0.00000   -90.00  LINEAR    2.52255E-07  -177.07    3.54367E+01   -13.63
 -110.00     0.00    -159.21    5.73    5.73    0.00000    90.00  LINEAR    2.04147E-07    68.59    3.60204E+01   -14.48
 -105.00     0.00    -161.63    5.84    5.84    0.00000    90.00  LINEAR    1.54486E-07   -69.32    3.64747E+01   -15.13
 -100.00     0.00    -165.09    5.91    5.91    0.00000   -90.00  LINEAR    1.03648E-07   154.33    3.67992E+01   -15.59
  -95.00     0.00    -171.08    5.96    5.96    0.00000    90.00  LINEAR    5.20221E-08    28.22    3.69940E+01   -15.87
  -90.00     0.00    -999.99    5.97    5.97    0.00000    90.00  LINEAR    3.04616E-18   -90.00    3.70589E+01   -15.96
  -85.00     0.00    -171.08    5.96    5.96    0.00000    90.00  LINEAR    5.20221E-08   -28.22    3.69940E+01   -15.87
  -80.00     0.00    -165.09    5.91    5.91    0.00000   -90.00  LINEAR    1.03648E-07  -154.33    3.67992E+01   -15.59
  -75.00     0.00    -161.63    5.84    5.84    0.00000    90.00  LINEAR    1.54486E-07    69.32    3.64747E+01   -15.13
  -70.00     0.00    -159.21    5.73    5.73    0.00000    90.00  LINEAR    2.04147E-07   -68.59    3.60204E+01   -14.48
  -65.00     0.00    -157.37    5.59    5.59    0.00000   -90.00  LINEAR    2.52255E-07   177.07    3.54367E+01   -13.63
  -60.00     0.00    -155.91    5.41    5.41    0.00000   -90.00  LINEAR    2.98443E-07   133.19    3.47238E+01   -12.58
  -55.00     0.00    -154.71    5.20    5.20    0.00000   -90.00  LINEAR    3.42360E-07  -126.50    3.38823E+01   -11.30
  -50.00     0.00    -153.72    4.94    4.94    0.00000   -90.00  LINEAR    3.83671E-07  -136.49    3.29129E+01    -9.80
  -45.00     0.00    -152.90    4.65    4.65    0.00000   -90.00  LINEAR    4.22062E-07  -114.79    3.18173E+01    -8.04
  -40.00     0.00    -152.20    4.31    4.31    0.00000   -90.00  LINEAR    4.57242E-07   121.42    3.05980E+01    -6.02
  -35.00     0.00    -151.62    3.92    3.92    0.00000    90.00  LINEAR    4.88941E-07    79.92    2.92589E+01    -3.69
  -30.00     0.00    -151.14    3.48    3.48    0.00000    90.00  LINEAR    5.16919E-07    37.16    2.78061E+01    -1.02
  -25.00     0.00    -150.74    2.98    2.98    0.00000    90.00  LINEAR    5.40963E-07   -38.30    2.62487E+01     2.03
  -20.00     0.00    -150.43    2.41    2.41    0.00000   -90.00  LINEAR    5.60890E-07  -122.91    2.45996E+01     5.54
  -15.00     0.00    -150.19    1.78    1.78    0.00000   -90.00  LINEAR    5.76548E-07  -135.47    2.28770E+01     9.57
  -10.00     0.00    -150.02    1.08    1.08    0.00000    90.00  LINEAR    5.87819E-07    64.92    2.11057E+01    14.24
   -5.00     0.00    -149.92    0.32    0.32    0.00000    90.00  LINEAR    5.94615E-07   -39.43    1.93198E+01    19.71
    0.00     0.00    -149.89   -0.51   -0.51    0.00000   -90.00  LINEAR    5.96887E-07   176.38    1.75648E+01    26.15
    5.00     0.00    -149.92   -1.38   -1.38    0.00000    90.00  LINEAR    5.94615E-07   -39.43    1.59010E+01    33.79
   10.00     0.00    -150.02   -2.23   -2.23    0.00000    90.00  LINEAR    5.87819E-07    64.92    1.44068E+01    42.89
   15.00     0.00    -150.19   -3.01   -3.01    0.00000   -90.00  LINEAR    5.76548E-07  -135.47    1.31775E+01    53.59
   20.00     0.00    -150.43   -3.59   -3.59    0.00000   -90.00  LINEAR    5.60890E-07  -122.91    1.23160E+01    65.79
   25.00     0.00    -150.74   -3.89   -3.89    0.00000   -90.00  LINEAR    5.40963E-07   -38.30    1.19058E+01    78.98
   30.00     0.00    -151.14   -3.84   -3.84    0.00000    90.00  LINEAR    5.16919E-07    37.16    1.19758E+01    92.19
   35.00     0.00    -151.62   -3.48   -3.48    0.00000    90.00  LINEAR    4.88941E-07    79.92    1.24814E+01   104.46
   40.00     0.00    -152.20   -2.91   -2.91    0.00000    90.00  LINEAR    4.57242E-07   121.42    1.33216E+01   115.14
   45.00     0.00    -152.90   -2.25   -2.25    0.00000   -90.00  LINEAR    4.22062E-07  -114.79    1.43770E+01   124.06
   50.00     0.00    -153.72   -1.58   -1.58    0.00000   -90.00  LINEAR    3.83671E-07  -136.49    1.55377E+01   131.34
   55.00     0.00    -154.71   -0.94   -0.94    0.00000   -90.00  LINEAR    3.42360E-07  -126.50    1.67144E+01   137.21
   60.00     0.00    -155.91   -0.38   -0.38    0.00000    90.00  LINEAR    2.98443E-07   133.19    1.78388E+01   141.91
   65.00     0.00    -157.37    0.11    0.11    0.00000    90.00  LINEAR    2.52255E-07   177.07    1.88596E+01   145.62
   70.00     0.00    -159.21    0.50    0.50    0.00000   -90.00  LINEAR    2.04147E-07   -68.59    1.97388E+01   148.49
   75.00     0.00    -161.63    0.81    0.81    0.00000    90.00  LINEAR    1.54486E-07    69.32    2.04484E+01   150.63
   80.00     0.00    -165.09    1.03    1.03    0.00000    90.00  LINEAR    1.03648E-07  -154.33    2.09684E+01   152.12
   85.00     0.00    -171.08    1.16    1.16    0.00000   -90.00  LINEAR    5.20221E-08   -28.22    2.12855E+01   152.99
   90.00     0.00    -999.99    1.20    1.20    0.00000   -90.00  LINEAR    3.04616E-18   -90.00    2.13921E+01   153.27
   95.00     0.00    -171.08    1.16    1.16    0.00000   -90.00  LINEAR    5.20221E-08    28.22    2.12855E+01   152.99
  100.00     0.00    -165.09    1.03    1.03    0.00000    90.00  LINEAR    1.03648E-07   154.33    2.09684E+01   152.12
  105.00     0.00    -161.63    0.81    0.81    0.00000   -90.00  LINEAR    1.54486E-07   -69.32    2.04484E+01   150.63
  110.00     0.00    -159.21    0.50    0.50    0.00000    90.00  LINEAR    2.04147E-07    68.59    1.97388E+01   148.49
  115.00     0.00    -157.37    0.11    0.11    0.00000    90.00  LINEAR    2.52255E-07  -177.07    1.88596E+01   145.62
  120.00     0.00    -155.91   -0.38   -0.38    0.00000    90.00  LINEAR    2.98443E-07  -133.19    1.78388E+01   141.91
  125.00     0.00    -154.71   -0.94   -0.94    0.00000    90.00  LINEAR    3.42360E-07   126.50    1.67144E+01   137.21
  130.00     0.00    -153.72   -1.58   -1.58    0.00000    90.00  LINEAR    3.83671E-07   136.49    1.55377E+01   131.34
  135.00     0.00    -152.90   -2.25   -2.25    0.00000    90.00  LINEAR    4.22062E-07   114.79    1.43770E+01   124.06
  140.00     0.00    -152.20   -2.91   -2.91    0.00000   -90.00  LINEAR    4.57242E-07  -121.42    1.33216E+01   115.14
  145.00     0.00    -151.62   -3.48   -3.48    0.00000   -90.00  LINEAR    4.88941E-07   -79.92    1.24814E+01   104.46
  150.00     0.00    -151.14   -3.84   -3.84    0.00000   -90.00  LINEAR    5.16919E-07   -37.16    1.19758E+01    92.19
  155.00     0.00    -150.74   -3.89   -3.89    0.00000    90.00  LINEAR    5.40963E-07    38.30    1.19058E+01    78.98
  160.00     0.00    -150.43   -3.59   -3.59    0.00000    90.00  LINEAR    5.60890E-07   122.91    1.23160E+01    65.79
  165.00     0.00    -150.19   -3.01   -3.01    0.00000    90.00  LINEAR    5.76548E-07   135.47    1.31775E+01    53.59
  170.00     0.00    -150.02   -2.23   -2.23    0.00000   -90.00  LINEAR    5.87819E-07   -64.92    1.44068E+01    42.89
  175.00     0.00    -149.92   -1.38   -1.38    0.00000    90.00  LINEAR    5.94615E-07    39.43    1.59010E+01    33.79
  180.00     0.00    -149.89   -0.51   -0.51    0.00000   -90.00  LINEAR    5.96887E-07  -176.38    1.75648E+01    26.15




                                 - - - - - - FREQUENCY - - - - - -

                                    FREQUENCY= 9.3300E+01 MHZ
                                    WAVELENGTH= 3.2133E+00 METERS




                    APPROXIMATE INTEGRATION EMPLOYED FOR SEGMENTS MORE THAN   1.000 WAVELENGTHS APART

                    THE EXTENDED THIN WIRE KERNEL WILL BE USED



                               - - - STRUCTURE IMPEDANCE LOADING - - -

                                   THIS STRUCTURE IS NOT LOADED



                                  - - - ANTENNA ENVIRONMENT - - -

                                            FREE SPACE



                                - - - MATRIX TIMING - - -

                        FILL=    0.000 SEC.,  FACTOR=    0.000 SEC.



                                            - - - NETWORK DATA - - -

      - FROM -    - TO -                          -  -  ADMITTANCE MATRIX ELEMENTS (MHOS)  -  -
      TAG  SEG.   TAG  SEG.             (ONE,ONE)                   (ONE,TWO)                   (TWO,TWO)
      NO.   NO.   NO.   NO.        REAL          IMAG.         REAL          IMAG.         REAL          IMAG.
     9901    28     3    14     0.0000E+00    0.0000E+00    0.0000E+00    1.0000E+00    0.0000E+00    0.0000E+00           



                           - - - STRUCTURE EXCITATION DATA AT NETWORK CONNECTION POINTS - - -

   TAG   SEG.    VOLTAGE (VOLTS)         CURRENT (AMPS)         IMPEDANCE (OHMS)        ADMITTANCE (MHOS)      POWER
   NO.   NO.    REAL        IMAG.       REAL        IMAG.       REAL        IMAG.       REAL        IMAG.     (WATTS)
     3    14 1.17547E+01-4.92843E+01 1.00000E+00-2.67560E-16 1.17547E+01-4.92843E+01 4.57897E-03 1.91983E-02 5.87737E+00
  9901    28 0.00000E+00 1.00000E+00-4.90003E-06 1.21189E-14 5.04739E-04-2.04080E+05 1.21189E-14 4.90003E-06 6.05946E-15



                                          - - - ANTENNA INPUT PARAMETERS - - -

   TAG   SEG.    VOLTAGE (VOLTS)         CURRENT (AMPS)         IMPEDANCE (OHMS)        ADMITTANCE (MHOS)      POWER
   NO.   NO.    REAL        IMAG.       REAL        IMAG.       REAL        IMAG.       REAL        IMAG.     (WATTS)
  9901    28 0.00000E+00 1.00000E+00 4.92843E+01 1.17547E+01 4.57897E-03 1.91983E-02 1.17547E+01-4.92843E+01 5.87737E+00



                             - - - CURRENTS AND LOCATION - - -

                                 DISTANCES IN WAVELENGTHS


  SEG.  TAG    COORD. OF SEG. CENTER     SEG.            - - - CURRENT (AMPS) - - -
  NO.   NO.     X        Y        Z      LENGTH     REAL        IMAG.       MAG.        PHASE
     1    1   0.0000   0.1942   0.0000  0.04855  -1.8560E-01 -2.3804E-03  1.8562E-01 -179.265
     2    1   0.0000   0.1456   0.0000  0.04855  -4.1338E-01 -4.3909E-03  4.1340E-01 -179.391
     3    1   0.0000   0.0971   0.0000  0.04855  -5.8324E-01 -5.4895E-03  5.8326E-01 -179.461
     4    1   0.0000   0.0485   0.0000  0.04855  -6.9277E-01 -6.2302E-03  6.9280E-01 -179.485
     5    1   0.0000   0.0000   0.0000  0.04855  -7.3074E-01 -6.5276E-03  7.3077E-01 -179.488
     6    1   0.0000  -0.0485   0.0000  0.04855  -6.9277E-01 -6.2302E-03  6.9280E-01 -179.485
     7    1   0.0000  -0.0971   0.0000  0.04855  -5.8324E-01 -5.4895E-03  5.8326E-01 -179.461
     8    1   0.0000  -0.1456   0.0000  0.04855  -4.1338E-01 -4.3909E-03  4.1340E-01 -179.391
     9    1   0.0000  -0.1942   0.0000  0.04855  -1.8560E-01 -2.3804E-03  1.8562E-01 -179.265
    10    3   0.1071   0.1856   0.0000  0.04639   2.3611E-01 -1.1668E-02  2.3640E-01   -2.829
    11    3   0.1071   0.1392   0.0000  0.04639   5.2330E-01 -1.8947E-02  5.2365E-01   -2.074
    12    3   0.1071   0.0928   0.0000  0.04639   7.4467E-01 -1.8114E-02  7.4489E-01   -1.393
    13    3   0.1071   0.0464   0.0000  0.04639   9.0780E-01 -1.1176E-02  9.0787E-01   -0.705
    14    3   0.1071   0.0000   0.0000  0.04639   1.0000E+00 -2.6756E-16  1.0000E+00    0.000
    15    3   0.1071  -0.0464   0.0000  0.04639   9.0780E-01 -1.1176E-02  9.0787E-01   -0.705
    16    3   0.1071  -0.0928   0.0000  0.04639   7.4467E-01 -1.8114E-02  7.4489E-01   -1.393
    17    3   0.1071  -0.1392   0.0000  0.04639   5.2330E-01 -1.8947E-02  5.2365E-01   -2.074
    18    3   0.1071  -0.1856   0.0000  0.04639   2.3611E-01 -1.1668E-02  2.3640E-01   -2.829
    19    5   0.2142   0.1726   0.0000  0.04315  -6.7654E-03 -6.8085E-02  6.8420E-02  -95.675
    20    5   0.2142   0.1295   0.0000  0.04315  -2.1948E-02 -1.4262E-01  1.4430E-01  -98.749
    21    5   0.2142   0.0863   0.0000  0.04315  -3.7644E-02 -1.9392E-01  1.9754E-01 -100.986
    22    5   0.2142   0.0432   0.0000  0.04315  -4.9340E-02 -2.2565E-01  2.3098E-01 -102.334
    23    5   0.2142   0.0000   0.0000  0.04315  -5.3696E-02 -2.3642E-01  2.4245E-01 -102.796
    24    5   0.2142  -0.0432   0.0000  0.04315  -4.9340E-02 -2.2565E-01  2.3098E-01 -102.334
    25    5   0.2142  -0.0863   0.0000  0.04315  -3.7644E-02 -1.9392E-01  1.9754E-01 -100.986
    26    5   0.2142  -0.1295   0.0000  0.04315  -2.1948E-02 -1.4262E-01  1.4430E-01  -98.749
    27    5   0.2142  -0.1726   0.0000  0.04315  -6.7654E-03 -6.8085E-02  6.8420E-02  -95.675
    28 9901   0.0000   0.00003081.2653  0.00097  -4.9000E-06  1.2119E-14  4.9000E-06  180.000



                                        - - - POWER BUDGET - - -

                                           INPUT POWER   = 5.8774E+00 WATTS
                                           RADIATED POWER= 5.8774E+00 WATTS
                                           STRUCTURE LOSS= 0.0000E+00 WATTS
                                           NETWORK LOSS  = 8.8818E-16 WATTS
                                           EFFICIENCY    = 100.00 PERCENT



                                                - - - RADIATION PATTERNS - - -

  - - ANGLES - -           - POWER GAINS -       - - - POLARIZATION - - -    - - - E(THETA) - - -    - - - E(PHI) - - -
  THETA     PHI        VERT.   HOR.    TOTAL      AXIAL     TILT   SENSE     MAGNITUDE    PHASE      MAGNITUDE    PHASE 
 DEGREES  DEGREES       DB      DB      DB        RATIO     DEG.              VOLTS/M    DEGREES      VOLTS/M    DEGREES
 -180.00     0.00    -149.77   -1.68   -1.68    0.00000   -90.00  LINEAR    6.09890E-07   174.49    1.54708E+01    29.20
 -175.00     0.00    -149.80   -0.76   -0.76    0.00000    90.00  LINEAR    6.07570E-07    75.54    1.71951E+01    20.43
 -170.00     0.00    -149.90    0.12    0.12    0.00000   -90.00  LINEAR    6.00625E-07   106.57    1.90327E+01    13.21
 -165.00     0.00    -150.07    0.93    0.93    0.00000   -90.00  LINEAR    5.89109E-07   171.46    2.09021E+01     7.20
 -160.00     0.00    -150.31    1.67    1.67    0.00000   -90.00  LINEAR    5.73110E-07   110.78    2.27452E+01     2.15
 -155.00     0.00    -150.62    2.32    2.32    0.00000    90.00  LINEAR    5.52748E-07    63.09    2.45213E+01    -2.14
 -150.00     0.00    -151.01    2.90    2.90    0.00000   -90.00  LINEAR    5.28181E-07   106.55    2.62023E+01    -5.81
 -145.00     0.00    -151.50    3.40    3.40    0.00000    90.00  LINEAR    4.99593E-07   -98.92    2.77691E+01    -8.97
 -140.00     0.00    -152.08    3.84    3.84    0.00000   -90.00  LINEAR    4.67203E-07   130.98    2.92092E+01   -11.70
 -135.00     0.00    -152.78    4.22    4.22    0.00000    90.00  LINEAR    4.31257E-07   -12.09    3.05151E+01   -14.05
 -130.00     0.00    -153.60    4.55    4.55    0.00000    90.00  LINEAR    3.92030E-07    54.30    3.16827E+01   -16.07
 -125.00     0.00    -154.59    4.82    4.82    0.00000   -90.00  LINEAR    3.49819E-07   147.18    3.27101E+01   -17.79
 -120.00     0.00    -155.79    5.06    5.06    0.00000    90.00  LINEAR    3.04945E-07    42.25    3.35973E+01   -19.23
 -115.00     0.00    -157.25    5.25    5.25    0.00000   -90.00  LINEAR    2.57751E-07  -161.64    3.43449E+01   -20.43
 -110.00     0.00    -159.08    5.40    5.40    0.00000    90.00  LINEAR    2.08595E-07   -37.73    3.49541E+01   -21.38
 -105.00     0.00    -161.51    5.52    5.52    0.00000   -90.00  LINEAR    1.57851E-07    93.55    3.54263E+01   -22.11
 -100.00     0.00    -164.97    5.60    5.60    0.00000    90.00  LINEAR    1.05906E-07  -110.20    3.57627E+01   -22.63
  -95.00     0.00    -170.96    5.65    5.65    0.00000   -90.00  LINEAR    5.31554E-08    72.01    3.59641E+01   -22.93
  -90.00     0.00    -999.99    5.66    5.66    0.00000    90.00  LINEAR    3.11252E-18   -90.00    3.60312E+01   -23.03
  -85.00     0.00    -170.96    5.65    5.65    0.00000    90.00  LINEAR    5.31554E-08   -72.01    3.59641E+01   -22.93
  -80.00     0.00    -164.97    5.60    5.60    0.00000   -90.00  LINEAR    1.05906E-07   110.20    3.57627E+01   -22.63
  -75.00     0.00    -161.51    5.52    5.52    0.00000    90.00  LINEAR    1.57851E-07   -93.55    3.54263E+01   -22.11
  -70.00     0.00    -159.08    5.40    5.40    0.00000    90.00  LINEAR    2.08595E-07    37.73    3.49541E+01   -21.38
  -65.00     0.00    -157.25    5.25    5.25    0.00000   -90.00  LINEAR    2.57751E-07   161.64    3.43449E+01   -20.43
  -60.00     0.00    -155.79    5.06    5.06    0.00000    90.00  LINEAR    3.04945E-07   -42.25    3.35973E+01   -19.23
  -55.00     0.00    -154.59    4.82    4.82    0.00000   -90.00  LINEAR    3.49819E-07  -147.18    3.27101E+01   -17.79
  -50.00     0.00    -153.60    4.55    4.55    0.00000    90.00  LINEAR    3.92030E-07   -54.30    3.16827E+01   -16.07
  -45.00     0.00    -152.78    4.22    4.22    0.00000    90.00  LINEAR    4.31257E-07    12.09    3.05151E+01   -14.05
  -40.00     0.00    -152.08    3.84    3.84    0.00000   -90.00  LINEAR    4.67203E-07  -130.98    2.92092E+01   -11.70
  -35.00     0.00    -151.50    3.40    3.40    0.00000   -90.00  LINEAR    4.99593E-07    98.92    2.77691E+01    -8.97
  -30.00     0.00    -151.01    2.90    2.90    0.00000   -90.00  LINEAR    5.28181E-07  -106.55    2.62023E+01    -5.81
  -25.00     0.00    -150.62    2.32    2.32    0.00000    90.00  LINEAR    5.52748E-07   -63.09    2.45213E+01    -2.14
  -20.00     0.00    -150.31    1.67    1.67    0.00000   -90.00  LINEAR    5.73110E-07  -110.78    2.27452E+01     2.15
  -15.00     0.00    -150.07    0.93    0.93    0.00000   -90.00  LINEAR    5.89109E-07  -171.46    2.09021E+01     7.20
  -10.00     0.00    -149.90    0.12    0.12    0.00000   -90.00  LINEAR    6.00625E-07  -106.57    1.90327E+01    13.21
   -5.00     0.00    -149.80   -0.76   -0.76    0.00000   -90.00  LINEAR    6.07570E-07   -75.54    1.71951E+01    20.43
    0.00     0.00    -149.77   -1.68   -1.68    0.00000   -90.00  LINEAR    6.09890E-07  -174.49    1.54708E+01    29.20
    5.00     0.00    -149.80   -2.57   -2.57    0.00000   -90.00  LINEAR    6.07570E-07   -75.54    1.39705E+01    39.85
   10.00     0.00    -149.90   -3.30   -3.30    0.00000   -90.00  LINEAR    6.00625E-07  -106.57    1.28332E+01    52.52
   15.00     0.00    -150.07   -3.74   -3.74    0.00000   -90.00  LINEAR    5.89109E-07  -171.46    1.22032E+01    66.89
   20.00     0.00    -150.31   -3.76   -3.76    0.00000   -90.00  LINEAR    5.73110E-07  -110.78    1.21778E+01    81.93
   25.00     0.00    -150.62   -3.36   -3.36    0.00000   -90.00  LINEAR    5.52748E-07   -63.09    1.27520E+01    96.22
   30.00     0.00    -151.01   -2.66   -2.66    0.00000   -90.00  LINEAR    5.28181E-07  -106.55    1.38197E+01   108.75
   35.00     0.00    -151.50   -1.82   -1.82    0.00000    90.00  LINEAR    4.99593E-07    98.92    1.52282E+01   119.16
   40.00     0.00    -152.08   -0.95   -0.95    0.00000   -90.00  LINEAR    4.67203E-07  -130.98    1.68306E+01   127.63
   45.00     0.00    -152.78   -0.12   -0.12    0.00000   -90.00  LINEAR    4.31257E-07    12.09    1.85080E+01   134.46
   50.00     0.00    -153.60    0.62    0.62    0.00000   -90.00  LINEAR    3.92030E-07   -54.30    2.01707E+01   139.98
   55.00     0.00    -154.59    1.28    1.28    0.00000    90.00  LINEAR    3.49819E-07  -147.18    2.17515E+01   144.46
   60.00     0.00    -155.79    1.84    1.84    0.00000   -90.00  LINEAR    3.04945E-07   -42.25    2.32002E+01   148.07
   65.00     0.00    -157.25    2.31    2.31    0.00000    90.00  LINEAR    2.57751E-07   161.64    2.44790E+01   150.96
   70.00     0.00    -159.08    2.68    2.68    0.00000   -90.00  LINEAR    2.08595E-07    37.73    2.55593E+01   153.23
   75.00     0.00    -161.51    2.97    2.97    0.00000   -90.00  LINEAR    1.57851E-07   -93.55    2.64197E+01   154.93
   80.00     0.00    -164.97    3.17    3.17    0.00000    90.00  LINEAR    1.05906E-07   110.20    2.70446E+01   156.13
   85.00     0.00    -170.96    3.29    3.29    0.00000   -90.00  LINEAR    5.31554E-08   -72.01    2.74237E+01   156.83
   90.00     0.00    -999.99    3.33    3.33    0.00000   -90.00  LINEAR    3.11252E-18   -90.00    2.75507E+01   157.06
   95.00     0.00    -170.96    3.29    3.29    0.00000    90.00  LINEAR    5.31554E-08    72.01    2.74237E+01   156.83
  100.00     0.00    -164.97    3.17    3.17    0.00000   -90.00  LINEAR    1.05906E-07  -110.20    2.70446E+01   156.13
  105.00     0.00    -161.51    2.97    2.97    0.00000    90.00  LINEAR    1.57851E-07    93.55    2.64197E+01   154.93
  110.00     0.00    -159.08    2.68    2.68    0.00000   -90.00  LINEAR    2.08595E-07   -37.73    2.55593E+01   153.23
  115.00     0.00    -157.25    2.31    2.31    0.00000    90.00  LINEAR    2.57751E-07  -161.64    2.44790E+01   150.96
  120.00     0.00    -155.79    1.84    1.84    0.00000   -90.00  LINEAR    3.04945E-07    42.25    2.32002E+01   148.07
  125.00     0.00    -154.59    1.28    1.28    0.00000    90.00  LINEAR    3.49819E-07   147.18    2.17515E+01   144.46
  130.00     0.00    -153.60    0.62    0.62    0.00000    90.00  LINEAR    3.92030E-07    54.30    2.01707E+01   139.98
  135.00     0.00    -152.78   -0.12   -0.12    0.00000   -90.00  LINEAR    4.31257E-07   -12.09    1.85080E+01   134.46
  140.00     0.00    -152.08   -0.95   -0.95    0.00000    90.00  LINEAR    4.67203E-07   130.98    1.68306E+01   127.63
  145.00     0.00    -151.50   -1.82   -1.82    0.00000   -90.00  LINEAR    4.99593E-07   -98.92    1.52282E+01   119.16
  150.00     0.00    -151.01   -2.66   -2.66    0.00000    90.00  LINEAR    5.28181E-07   106.55    1.38197E+01   108.75
  155.00     0.00    -150.62   -3.36   -3.36    0.00000    90.00  LINEAR    5.52748E-07    63.09    1.27520E+01    96.22
  160.00     0.00    -150.31   -3.76   -3.76    0.00000    90.00  LINEAR    5.73110E-07   110.78    1.21778E+01    81.93
  165.00     0.00    -150.07   -3.74   -3.74    0.00000   -90.00  LINEAR    5.89109E-07   171.46    1.22032E+01    66.89
  170.00     0.00    -149.90   -3.30   -3.30    0.00000    90.00  LINEAR    6.00625E-07   106.57    1.28332E+01    52.52
  175.00     0.00    -149.80   -2.57   -2.57    0.00000    90.00  LINEAR    6.07570E-07    75.54    1.39705E+01    39.85
  180.00     0.00    -149.77   -1.68   -1.68    0.00000   -90.00  LINEAR    6.09890E-07   174.49    1.54708E+01    29.20




                                 - - - - - - FREQUENCY - - - - - -

                                    FREQUENCY= 9.4300E+01 MHZ
                                    WAVELENGTH= 3.1792E+00 METERS




                    APPROXIMATE INTEGRATION EMPLOYED FOR SEGMENTS MORE THAN   1.000 WAVELENGTHS APART

                    THE EXTENDED THIN WIRE KERNEL WILL BE USED



                               - - - STRUCTURE IMPEDANCE LOADING - - -

                                   THIS STRUCTURE IS NOT LOADED



                                  - - - ANTENNA ENVIRONMENT - - -

                                            FREE SPACE



                                - - - MATRIX TIMING - - -

                        FILL=    0.000 SEC.,  FACTOR=    0.000 SEC.



                                            - - - NETWORK DATA - - -

      - FROM -    - TO -                          -  -  ADMITTANCE MATRIX ELEMENTS (MHOS)  -  -
      TAG  SEG.   TAG  SEG.             (ONE,ONE)                   (ONE,TWO)                   (TWO,TWO)
      NO.   NO.   NO.   NO.        REAL          IMAG.         REAL          IMAG.         REAL          IMAG.
     9901    28     3    14     0.0000E+00    0.0000E+00    0.0000E+00    1.0000E+00    0.0000E+00    0.0000E+00           



                           - - - STRUCTURE EXCITATION DATA AT NETWORK CONNECTION POINTS - - -

   TAG   SEG.    VOLTAGE (VOLTS)         CURRENT (AMPS)         IMPEDANCE (OHMS)        ADMITTANCE (MHOS)      POWER
   NO.   NO.    REAL        IMAG.       REAL        IMAG.       REAL        IMAG.       REAL        IMAG.     (WATTS)
     3    14 1.27863E+01-4.23480E+01 1.00000E+00-5.29446E-16 1.27863E+01-4.23480E+01 6.53415E-03 2.16410E-02 6.39317E+00
  9901    28 0.00000E+00 1.00000E+00-4.95255E-06 1.26469E-14 5.15616E-04-2.01916E+05 1.26469E-14 4.95255E-06 6.32345E-15



                                          - - - ANTENNA INPUT PARAMETERS - - -

   TAG   SEG.    VOLTAGE (VOLTS)         CURRENT (AMPS)         IMPEDANCE (OHMS)        ADMITTANCE (MHOS)      POWER
   NO.   NO.    REAL        IMAG.       REAL        IMAG.       REAL        IMAG.       REAL        IMAG.     (WATTS)
  9901    28 0.00000E+00 1.00000E+00 4.23480E+01 1.27863E+01 6.53416E-03 2.16410E-02 1.27863E+01-4.23480E+01 6.39317E+00



                             - - - CURRENTS AND LOCATION - - -

                                 DISTANCES IN WAVELENGTHS


  SEG.  TAG    COORD. OF SEG. CENTER     SEG.            - - - CURRENT (AMPS) - - -
  NO.   NO.     X        Y        Z      LENGTH     REAL        IMAG.       MAG.        PHASE
     1    1   0.0000   0.1963   0.0000  0.04907  -1.8609E-01  2.5116E-02  1.8777E-01  172.313
     2    1   0.0000   0.1472   0.0000  0.04907  -4.1507E-01  5.5229E-02  4.1873E-01  172.421
     3    1   0.0000   0.0981   0.0000  0.04907  -5.8612E-01  7.6974E-02  5.9115E-01  172.518
     4    1   0.0000   0.0491   0.0000  0.04907  -6.9642E-01  9.0541E-02  7.0228E-01  172.593
     5    1   0.0000   0.0000   0.0000  0.04907  -7.3463E-01  9.5118E-02  7.4076E-01  172.623
     6    1   0.0000  -0.0491   0.0000  0.04907  -6.9642E-01  9.0541E-02  7.0228E-01  172.593
     7    1   0.0000  -0.0981   0.0000  0.04907  -5.8612E-01  7.6974E-02  5.9115E-01  172.518
     8    1   0.0000  -0.1472   0.0000  0.04907  -4.1507E-01  5.5229E-02  4.1873E-01  172.421
     9    1   0.0000  -0.1963   0.0000  0.04907  -1.8609E-01  2.5116E-02  1.8777E-01  172.313
    10    3   0.1083   0.1876   0.0000  0.04689   2.3994E-01 -1.2377E-02  2.4026E-01   -2.953
    11    3   0.1083   0.1407   0.0000  0.04689   5.3062E-01 -2.0354E-02  5.3101E-01   -2.197
    12    3   0.1083   0.0938   0.0000  0.04689   7.5278E-01 -1.9657E-02  7.5304E-01   -1.496
    13    3   0.1083   0.0469   0.0000  0.04689   9.1342E-01 -1.2218E-02  9.1350E-01   -0.766
    14    3   0.1083   0.0000   0.0000  0.04689   1.0000E+00 -5.2945E-16  1.0000E+00    0.000
    15    3   0.1083  -0.0469   0.0000  0.04689   9.1342E-01 -1.2218E-02  9.1350E-01   -0.766
    16    3   0.1083  -0.0938   0.0000  0.04689   7.5278E-01 -1.9657E-02  7.5304E-01   -1.496
    17    3   0.1083  -0.1407   0.0000  0.04689   5.3062E-01 -2.0354E-02  5.3101E-01   -2.197
    18    3   0.1083  -0.1876   0.0000  0.04689   2.3994E-01 -1.2376E-02  2.4026E-01   -2.953
    19    5   0.2165   0.1745   0.0000  0.04362  -4.3994E-03 -8.7377E-02  8.7487E-02  -92.882
    20    5   0.2165   0.1309   0.0000  0.04362  -1.6952E-02 -1.8345E-01  1.8423E-01  -95.280
    21    5   0.2165   0.0872   0.0000  0.04362  -3.0745E-02 -2.4981E-01  2.5169E-01  -97.016
    22    5   0.2165   0.0436   0.0000  0.04362  -4.1178E-02 -2.9091E-01  2.9381E-01  -98.057
    23    5   0.2165   0.0000   0.0000  0.04362  -4.5080E-02 -3.0487E-01  3.0819E-01  -98.411
    24    5   0.2165  -0.0436   0.0000  0.04362  -4.1178E-02 -2.9091E-01  2.9381E-01  -98.057
    25    5   0.2165  -0.0872   0.0000  0.04362  -3.0745E-02 -2.4981E-01  2.5169E-01  -97.016
    26    5   0.2165  -0.1309   0.0000  0.04362  -1.6952E-02 -1.8345E-01  1.8423E-01  -95.280
    27    5   0.2165  -0.1745   0.0000  0.04362  -4.3993E-03 -8.7377E-02  8.7487E-02  -92.882
    28 9901   0.0000   0.00003114.2907  0.00098  -4.9526E-06  1.2647E-14  4.9526E-06  180.000



                                        - - - POWER BUDGET - - -

                                           INPUT POWER   = 6.3932E+00 WATTS
                                           RADIATED POWER= 6.3932E+00 WATTS
                                           STRUCTURE LOSS= 0.0000E+00 WATTS
                                           NETWORK LOSS  = 0.0000E+00 WATTS
                                           EFFICIENCY    = 100.00 PERCENT



                                                - - - RADIATION PATTERNS - - -

  - - ANGLES - -           - POWER GAINS -       - - - POLARIZATION - - -    - - - E(THETA) - - -    - - - E(PHI) - - -
  THETA     PHI        VERT.   HOR.    TOTAL      AXIAL     TILT   SENSE     MAGNITUDE    PHASE      MAGNITUDE    PHASE 
 DEGREES  DEGREES       DB      DB      DB        RATIO     DEG.              VOLTS/M    DEGREES      VOLTS/M    DEGREES
 -180.00     0.00    -149.95   -2.84   -2.84    0.00000   -90.00  LINEAR    6.23034E-07   165.36    1.41228E+01    36.01
 -175.00     0.00    -149.98   -2.04   -2.04    0.00000    90.00  LINEAR    6.20664E-07   111.66    1.54805E+01    24.01
 -170.00     0.00    -150.08   -1.16   -1.16    0.00000   -90.00  LINEAR    6.13569E-07   -81.93    1.71277E+01    14.14
 -165.00     0.00    -150.25   -0.30   -0.30    0.00000   -90.00  LINEAR    6.01805E-07  -152.56    1.89203E+01     6.08
 -160.00     0.00    -150.49    0.51    0.51    0.00000   -90.00  LINEAR    5.85461E-07    98.66    2.07537E+01    -0.55
 -155.00     0.00    -150.80    1.23    1.23    0.00000   -90.00  LINEAR    5.64661E-07    87.89    2.25555E+01    -6.05
 -150.00     0.00    -151.19    1.87    1.87    0.00000   -90.00  LINEAR    5.39563E-07  -109.74    2.42776E+01   -10.66
 -145.00     0.00    -151.68    2.43    2.43    0.00000   -90.00  LINEAR    5.10360E-07  -117.92    2.58885E+01   -14.56
 -140.00     0.00    -152.26    2.91    2.91    0.00000    90.00  LINEAR    4.77272E-07    23.38    2.73685E+01   -17.88
 -135.00     0.00    -152.96    3.32    3.32    0.00000   -90.00  LINEAR    4.40552E-07  -138.97    2.87065E+01   -20.71
 -130.00     0.00    -153.78    3.68    3.68    0.00000    90.00  LINEAR    4.00479E-07   -27.88    2.98970E+01   -23.11
 -125.00     0.00    -154.77    3.97    3.97    0.00000   -90.00  LINEAR    3.57358E-07   167.86    3.09385E+01   -25.13
 -120.00     0.00    -155.97    4.22    4.22    0.00000   -90.00  LINEAR    3.11517E-07  -142.32    3.18322E+01   -26.82
 -115.00     0.00    -157.43    4.42    4.42    0.00000   -90.00  LINEAR    2.63305E-07  -146.20    3.25807E+01   -28.21
 -110.00     0.00    -159.26    4.58    4.58    0.00000   -90.00  LINEAR    2.13090E-07  -144.05    3.31870E+01   -29.31
 -105.00     0.00    -161.69    4.71    4.71    0.00000    90.00  LINEAR    1.61253E-07  -103.58    3.36546E+01   -30.15
 -100.00     0.00    -165.15    4.79    4.79    0.00000    90.00  LINEAR    1.08189E-07   -14.72    3.39863E+01   -30.75
  -95.00     0.00    -171.14    4.84    4.84    0.00000   -90.00  LINEAR    5.43010E-08   115.81    3.41843E+01   -31.10
  -90.00     0.00    -999.99    4.86    4.86    0.00000    90.00  LINEAR    3.17960E-18   -90.00    3.42502E+01   -31.21
  -85.00     0.00    -171.14    4.84    4.84    0.00000    90.00  LINEAR    5.43010E-08  -115.81    3.41843E+01   -31.10
  -80.00     0.00    -165.15    4.79    4.79    0.00000    90.00  LINEAR    1.08189E-07    14.72    3.39863E+01   -30.75
  -75.00     0.00    -161.69    4.71    4.71    0.00000   -90.00  LINEAR    1.61253E-07   103.58    3.36546E+01   -30.15
  -70.00     0.00    -159.26    4.58    4.58    0.00000   -90.00  LINEAR    2.13090E-07   144.05    3.31870E+01   -29.31
  -65.00     0.00    -157.43    4.42    4.42    0.00000   -90.00  LINEAR    2.63305E-07   146.20    3.25807E+01   -28.21
  -60.00     0.00    -155.97    4.22    4.22    0.00000   -90.00  LINEAR    3.11517E-07   142.32    3.18322E+01   -26.82
  -55.00     0.00    -154.77    3.97    3.97    0.00000   -90.00  LINEAR    3.57358E-07  -167.86    3.09385E+01   -25.13
  -50.00     0.00    -153.78    3.68    3.68    0.00000    90.00  LINEAR    4.00479E-07    27.88    2.98970E+01   -23.11
  -45.00     0.00    -152.96    3.32    3.32    0.00000   -90.00  LINEAR    4.40552E-07   138.97    2.87065E+01   -20.71
  -40.00     0.00    -152.26    2.91    2.91    0.00000    90.00  LINEAR    4.77272E-07   -23.38    2.73685E+01   -17.88
  -35.00     0.00    -151.68    2.43    2.43    0.00000   -90.00  LINEAR    5.10360E-07   117.92    2.58885E+01   -14.56
  -30.00     0.00    -151.19    1.87    1.87    0.00000   -90.00  LINEAR    5.39563E-07   109.74    2.42776E+01   -10.66
  -25.00     0.00    -150.80    1.23    1.23    0.00000    90.00  LINEAR    5.64661E-07   -87.89    2.25555E+01    -6.05
  -20.00     0.00    -150.49    0.51    0.51    0.00000   -90.00  LINEAR    5.85461E-07   -98.66    2.07537E+01    -0.55
  -15.00     0.00    -150.25   -0.30   -0.30    0.00000   -90.00  LINEAR    6.01805E-07   152.56    1.89203E+01     6.08
  -10.00     0.00    -150.08   -1.16   -1.16    0.00000    90.00  LINEAR    6.13569E-07    81.93    1.71277E+01    14.14
   -5.00     0.00    -149.98   -2.04   -2.04    0.00000   -90.00  LINEAR    6.20664E-07  -111.66    1.54805E+01    24.01
    0.00     0.00    -149.95   -2.84   -2.84    0.00000   -90.00  LINEAR    6.23034E-07  -165.36    1.41228E+01    36.01
    5.00     0.00    -149.98   -3.40   -3.40    0.00000   -90.00  LINEAR    6.20664E-07  -111.66    1.32300E+01    50.12
   10.00     0.00    -150.08   -3.58   -3.58    0.00000    90.00  LINEAR    6.13569E-07    81.93    1.29649E+01    65.62
   15.00     0.00    -150.25   -3.29   -3.29    0.00000    90.00  LINEAR    6.01805E-07   152.56    1.34035E+01    81.11
   20.00     0.00    -150.49   -2.61   -2.61    0.00000   -90.00  LINEAR    5.85461E-07   -98.66    1.44900E+01    95.18
   25.00     0.00    -150.80   -1.71   -1.71    0.00000   -90.00  LINEAR    5.64661E-07   -87.89    1.60743E+01   107.11
   30.00     0.00    -151.19   -0.74   -0.74    0.00000    90.00  LINEAR    5.39563E-07   109.74    1.79848E+01   116.90
   35.00     0.00    -151.68    0.22    0.22    0.00000    90.00  LINEAR    5.10360E-07   117.92    2.00723E+01   124.87
   40.00     0.00    -152.26    1.10    1.10    0.00000   -90.00  LINEAR    4.77272E-07   -23.38    2.22204E+01   131.37
   45.00     0.00    -152.96    1.89    1.89    0.00000    90.00  LINEAR    4.40552E-07   138.97    2.43415E+01   136.72
   50.00     0.00    -153.78    2.59    2.59    0.00000   -90.00  LINEAR    4.00479E-07    27.88    2.63687E+01   141.15
   55.00     0.00    -154.77    3.18    3.18    0.00000    90.00  LINEAR    3.57358E-07  -167.86    2.82509E+01   144.81
   60.00     0.00    -155.97    3.69    3.69    0.00000    90.00  LINEAR    3.11517E-07   142.32    2.99482E+01   147.84
   65.00     0.00    -157.43    4.11    4.11    0.00000    90.00  LINEAR    2.63305E-07   146.20    3.14295E+01   150.30
   70.00     0.00    -159.26    4.45    4.45    0.00000    90.00  LINEAR    2.13090E-07   144.05    3.26708E+01   152.26
   75.00     0.00    -161.69    4.71    4.71    0.00000    90.00  LINEAR    1.61253E-07   103.58    3.36538E+01   153.75
   80.00     0.00    -165.15    4.89    4.89    0.00000   -90.00  LINEAR    1.08189E-07    14.72    3.43650E+01   154.79
   85.00     0.00    -171.14    4.99    4.99    0.00000    90.00  LINEAR    5.43010E-08  -115.81    3.47953E+01   155.42
   90.00     0.00    -999.99    5.03    5.03    0.00000   -90.00  LINEAR    3.17960E-18   -90.00    3.49393E+01   155.62
   95.00     0.00    -171.14    4.99    4.99    0.00000    90.00  LINEAR    5.43010E-08   115.81    3.47953E+01   155.42
  100.00     0.00    -165.15    4.89    4.89    0.00000   -90.00  LINEAR    1.08189E-07   -14.72    3.43650E+01   154.79
  105.00     0.00    -161.69    4.71    4.71    0.00000   -90.00  LINEAR    1.61253E-07  -103.58    3.36538E+01   153.75
  110.00     0.00    -159.26    4.45    4.45    0.00000    90.00  LINEAR    2.13090E-07  -144.05    3.26708E+01   152.26
  115.00     0.00    -157.43    4.11    4.11    0.00000    90.00  LINEAR    2.63305E-07  -146.20    3.14295E+01   150.30
  120.00     0.00    -155.97    3.69    3.69    0.00000    90.00  LINEAR    3.11517E-07  -142.32    2.99482E+01   147.84
  125.00     0.00    -154.77    3.18    3.18    0.00000    90.00  LINEAR    3.57358E-07   167.86    2.82509E+01   144.81
  130.00     0.00    -153.78    2.59    2.59    0.00000   -90.00  LINEAR    4.00479E-07   -27.88    2.63687E+01   141.15
  135.00     0.00    -152.96    1.89    1.89    0.00000    90.00  LINEAR    4.40552E-07  -138.97    2.43415E+01   136.72
  140.00     0.00    -152.26    1.10    1.10    0.00000   -90.00  LINEAR    4.77272E-07    23.38    2.22204E+01   131.37
  145.00     0.00    -151.68    0.22    0.22    0.00000   -90.00  LINEAR    5.10360E-07  -117.92    2.00723E+01   124.87
  150.00     0.00    -151.19   -0.74   -0.74    0.00000   -90.00  LINEAR    5.39563E-07  -109.74    1.79848E+01   116.90
  155.00     0.00    -150.80   -1.71   -1.71    0.00000    90.00  LINEAR    5.64661E-07    87.89    1.60743E+01   107.11
  160.00     0.00    -150.49   -2.61   -2.61    0.00000    90.00  LINEAR    5.85461E-07    98.66    1.44900E+01    95.18
  165.00     0.00    -150.25   -3.29   -3.29    0.00000   -90.00  LINEAR    6.01805E-07  -152.56    1.34035E+01    81.11
  170.00     0.00    -150.08   -3.58   -3.58    0.00000   -90.00  LINEAR    6.13569E-07   -81.93    1.29649E+01    65.62
  175.00     0.00    -149.98   -3.40   -3.40    0.00000    90.00  LINEAR    6.20664E-07   111.66    1.32300E+01    50.12
  180.00     0.00    -149.95   -2.84   -2.84    0.00000   -90.00  LINEAR    6.23034E-07   165.36    1.41228E+01    36.01




                                 - - - - - - FREQUENCY - - - - - -

                                    FREQUENCY= 9.5300E+01 MHZ
                                    WAVELENGTH= 3.1459E+00 METERS




                    APPROXIMATE INTEGRATION EMPLOYED FOR SEGMENTS MORE THAN   1.000 WAVELENGTHS APART

                    THE EXTENDED THIN WIRE KERNEL WILL BE USED



                               - - - STRUCTURE IMPEDANCE LOADING - - -

                                   THIS STRUCTURE IS NOT LOADED



                                  - - - ANTENNA ENVIRONMENT - - -

                                            FREE SPACE



                                - - - MATRIX TIMING - - -

                        FILL=    0.016 SEC.,  FACTOR=    0.000 SEC.



                                            - - - NETWORK DATA - - -

      - FROM -    - TO -                          -  -  ADMITTANCE MATRIX ELEMENTS (MHOS)  -  -
      TAG  SEG.   TAG  SEG.             (ONE,ONE)                   (ONE,TWO)                   (TWO,TWO)
      NO.   NO.   NO.   NO.        REAL          IMAG.         REAL          IMAG.         REAL          IMAG.
     9901    28     3    14     0.0000E+00    0.0000E+00    0.0000E+00    1.0000E+00    0.0000E+00    0.0000E+00           



                           - - - STRUCTURE EXCITATION DATA AT NETWORK CONNECTION POINTS - - -

   TAG   SEG.    VOLTAGE (VOLTS)         CURRENT (AMPS)         IMPEDANCE (OHMS)        ADMITTANCE (MHOS)      POWER
   NO.   NO.    REAL        IMAG.       REAL        IMAG.       REAL        IMAG.       REAL        IMAG.     (WATTS)
     3    14 1.46179E+01-3.60702E+01 1.00000E+00 8.73150E-17 1.46179E+01-3.60702E+01 9.65042E-03 2.38128E-02 7.30893E+00
  9901    28 0.00000E+00 1.00000E+00-5.00507E-06 1.31920E-14 5.26610E-04-1.99797E+05 1.31920E-14 5.00507E-06 6.59598E-15



                                          - - - ANTENNA INPUT PARAMETERS - - -

   TAG   SEG.    VOLTAGE (VOLTS)         CURRENT (AMPS)         IMPEDANCE (OHMS)        ADMITTANCE (MHOS)      POWER
   NO.   NO.    REAL        IMAG.       REAL        IMAG.       REAL        IMAG.       REAL        IMAG.     (WATTS)
  9901    28 0.00000E+00 1.00000E+00 3.60702E+01 1.46179E+01 9.65042E-03 2.38128E-02 1.46179E+01-3.60702E+01 7.30893E+00



                             - - - CURRENTS AND LOCATION - - -

                                 DISTANCES IN WAVELENGTHS


  SEG.  TAG    COORD. OF SEG. CENTER     SEG.            - - - CURRENT (AMPS) - - -
  NO.   NO.     X        Y        Z      LENGTH     REAL        IMAG.       MAG.        PHASE
     1    1   0.0000   0.1984   0.0000  0.04959  -1.7603E-01  5.2780E-02  1.8377E-01  163.309
     2    1   0.0000   0.1488   0.0000  0.04959  -3.9387E-01  1.1545E-01  4.1044E-01  163.663
     3    1   0.0000   0.0992   0.0000  0.04959  -5.5730E-01  1.6048E-01  5.7994E-01  163.935
     4    1   0.0000   0.0496   0.0000  0.04959  -6.6285E-01  1.8867E-01  6.8918E-01  164.112
     5    1   0.0000   0.0000   0.0000  0.04959  -6.9943E-01  1.9823E-01  7.2698E-01  164.176
     6    1   0.0000  -0.0496   0.0000  0.04959  -6.6285E-01  1.8867E-01  6.8918E-01  164.112
     7    1   0.0000  -0.0992   0.0000  0.04959  -5.5730E-01  1.6048E-01  5.7994E-01  163.935
     8    1   0.0000  -0.1488   0.0000  0.04959  -3.9387E-01  1.1545E-01  4.1044E-01  163.663
     9    1   0.0000  -0.1984   0.0000  0.04959  -1.7603E-01  5.2780E-02  1.8377E-01  163.309
    10    3   0.1094   0.1895   0.0000  0.04739   2.4342E-01 -1.3881E-02  2.4381E-01   -3.264
    11    3   0.1094   0.1422   0.0000  0.04739   5.3727E-01 -2.3072E-02  5.3777E-01   -2.459
    12    3   0.1094   0.0948   0.0000  0.04739   7.6020E-01 -2.2472E-02  7.6053E-01   -1.693
    13    3   0.1094   0.0474   0.0000  0.04739   9.1857E-01 -1.4053E-02  9.1868E-01   -0.876
    14    3   0.1094   0.0000   0.0000  0.04739   1.0000E+00  8.7315E-17  1.0000E+00    0.000
    15    3   0.1094  -0.0474   0.0000  0.04739   9.1857E-01 -1.4053E-02  9.1868E-01   -0.876
    16    3   0.1094  -0.0948   0.0000  0.04739   7.6020E-01 -2.2472E-02  7.6053E-01   -1.693
    17    3   0.1094  -0.1422   0.0000  0.04739   5.3727E-01 -2.3072E-02  5.3777E-01   -2.459
    18    3   0.1094  -0.1895   0.0000  0.04739   2.4342E-01 -1.3881E-02  2.4381E-01   -3.264
    19    5   0.2188   0.1763   0.0000  0.04408  -9.6768E-03 -1.1110E-01  1.1152E-01  -94.978
    20    5   0.2188   0.1322   0.0000  0.04408  -2.8068E-02 -2.3368E-01  2.3536E-01  -96.849
    21    5   0.2188   0.0882   0.0000  0.04408  -4.5839E-02 -3.1861E-01  3.2189E-01  -98.187
    22    5   0.2188   0.0441   0.0000  0.04408  -5.8657E-02 -3.7128E-01  3.7589E-01  -98.978
    23    5   0.2188   0.0000   0.0000  0.04408  -6.3344E-02 -3.8919E-01  3.9431E-01  -99.244
    24    5   0.2188  -0.0441   0.0000  0.04408  -5.8657E-02 -3.7128E-01  3.7589E-01  -98.978
    25    5   0.2188  -0.0882   0.0000  0.04408  -4.5839E-02 -3.1861E-01  3.2189E-01  -98.187
    26    5   0.2188  -0.1322   0.0000  0.04408  -2.8068E-02 -2.3368E-01  2.3536E-01  -96.849
    27    5   0.2188  -0.1763   0.0000  0.04408  -9.6768E-03 -1.1110E-01  1.1152E-01  -94.978
    28 9901   0.0000   0.00003147.3160  0.00099  -5.0051E-06  1.3192E-14  5.0051E-06  180.000



                                        - - - POWER BUDGET - - -

                                           INPUT POWER   = 7.3089E+00 WATTS
                                           RADIATED POWER= 7.3089E+00 WATTS
                                           STRUCTURE LOSS= 0.0000E+00 WATTS
                                           NETWORK LOSS  = 7.9936E-15 WATTS
                                           EFFICIENCY    = 100.00 PERCENT



                                                - - - RADIATION PATTERNS - - -

  - - ANGLES - -           - POWER GAINS -       - - - POLARIZATION - - -    - - - E(THETA) - - -    - - - E(PHI) - - -
  THETA     PHI        VERT.   HOR.    TOTAL      AXIAL     TILT   SENSE     MAGNITUDE    PHASE      MAGNITUDE    PHASE 
 DEGREES  DEGREES       DB      DB      DB        RATIO     DEG.              VOLTS/M    DEGREES      VOLTS/M    DEGREES
 -180.00     0.00    -150.34   -3.40   -3.40    0.00000   -90.00  LINEAR    6.36318E-07   156.24    1.41539E+01    44.36
 -175.00     0.00    -150.38   -3.06   -3.06    0.00000   -90.00  LINEAR    6.33897E-07   147.77    1.47208E+01    29.83
 -170.00     0.00    -150.48   -2.44   -2.44    0.00000    90.00  LINEAR    6.26651E-07    89.57    1.58069E+01    17.14
 -165.00     0.00    -150.64   -1.69   -1.69    0.00000   -90.00  LINEAR    6.14636E-07  -116.57    1.72275E+01     6.53
 -160.00     0.00    -150.88   -0.92   -0.92    0.00000    90.00  LINEAR    5.97944E-07    86.53    1.88207E+01    -2.19
 -155.00     0.00    -151.20   -0.20   -0.20    0.00000   -90.00  LINEAR    5.76700E-07   112.68    2.04661E+01    -9.35
 -150.00     0.00    -151.59    0.46    0.46    0.00000    90.00  LINEAR    5.51068E-07    33.98    2.20813E+01   -15.27
 -145.00     0.00    -152.08    1.05    1.05    0.00000   -90.00  LINEAR    5.21241E-07  -136.92    2.36125E+01   -20.20
 -140.00     0.00    -152.66    1.55    1.55    0.00000    90.00  LINEAR    4.87448E-07   -84.22    2.50266E+01   -24.33
 -135.00     0.00    -153.35    1.98    1.98    0.00000   -90.00  LINEAR    4.49945E-07    94.14    2.63046E+01   -27.81
 -130.00     0.00    -154.18    2.35    2.35    0.00000    90.00  LINEAR    4.09017E-07  -110.06    2.74376E+01   -30.73
 -125.00     0.00    -155.17    2.66    2.66    0.00000   -90.00  LINEAR    3.64977E-07  -171.47    2.84228E+01   -33.17
 -120.00     0.00    -156.36    2.91    2.91    0.00000    90.00  LINEAR    3.18159E-07    33.12    2.92621E+01   -35.20
 -115.00     0.00    -157.82    3.11    3.11    0.00000   -90.00  LINEAR    2.68920E-07  -130.76    2.99596E+01   -36.84
 -110.00     0.00    -159.66    3.27    3.27    0.00000   -90.00  LINEAR    2.17634E-07   109.63    3.05203E+01   -38.15
 -105.00     0.00    -162.08    3.40    3.40    0.00000   -90.00  LINEAR    1.64691E-07    59.28    3.09498E+01   -39.14
 -100.00     0.00    -165.55    3.48    3.48    0.00000   -90.00  LINEAR    1.10495E-07    80.75    3.12528E+01   -39.84
  -95.00     0.00    -171.54    3.53    3.53    0.00000   -90.00  LINEAR    5.54587E-08   159.60    3.14330E+01   -40.25
  -90.00     0.00    -999.99    3.55    3.55    0.00000    90.00  LINEAR    3.24739E-18   -90.00    3.14928E+01   -40.38
  -85.00     0.00    -171.54    3.53    3.53    0.00000   -90.00  LINEAR    5.54587E-08  -159.60    3.14330E+01   -40.25
  -80.00     0.00    -165.55    3.48    3.48    0.00000    90.00  LINEAR    1.10495E-07   -80.75    3.12528E+01   -39.84
  -75.00     0.00    -162.08    3.40    3.40    0.00000    90.00  LINEAR    1.64691E-07   -59.28    3.09498E+01   -39.14
  -70.00     0.00    -159.66    3.27    3.27    0.00000    90.00  LINEAR    2.17634E-07  -109.63    3.05203E+01   -38.15
  -65.00     0.00    -157.82    3.11    3.11    0.00000   -90.00  LINEAR    2.68920E-07   130.76    2.99596E+01   -36.84
  -60.00     0.00    -156.36    2.91    2.91    0.00000    90.00  LINEAR    3.18159E-07   -33.12    2.92621E+01   -35.20
  -55.00     0.00    -155.17    2.66    2.66    0.00000   -90.00  LINEAR    3.64977E-07   171.47    2.84228E+01   -33.17
  -50.00     0.00    -154.18    2.35    2.35    0.00000   -90.00  LINEAR    4.09017E-07   110.06    2.74376E+01   -30.73
  -45.00     0.00    -153.35    1.98    1.98    0.00000    90.00  LINEAR    4.49945E-07   -94.14    2.63046E+01   -27.81
  -40.00     0.00    -152.66    1.55    1.55    0.00000   -90.00  LINEAR    4.87448E-07    84.22    2.50266E+01   -24.33
  -35.00     0.00    -152.08    1.05    1.05    0.00000   -90.00  LINEAR    5.21241E-07   136.92    2.36125E+01   -20.20
  -30.00     0.00    -151.59    0.46    0.46    0.00000    90.00  LINEAR    5.51068E-07   -33.98    2.20813E+01   -15.27
  -25.00     0.00    -151.20   -0.20   -0.20    0.00000   -90.00  LINEAR    5.76700E-07  -112.68    2.04661E+01    -9.35
  -20.00     0.00    -150.88   -0.92   -0.92    0.00000    90.00  LINEAR    5.97944E-07   -86.53    1.88207E+01    -2.19
  -15.00     0.00    -150.64   -1.69   -1.69    0.00000   -90.00  LINEAR    6.14636E-07   116.57    1.72275E+01     6.53
  -10.00     0.00    -150.48   -2.44   -2.44    0.00000   -90.00  LINEAR    6.26651E-07   -89.57    1.58069E+01    17.14
   -5.00     0.00    -150.38   -3.06   -3.06    0.00000   -90.00  LINEAR    6.33897E-07  -147.77    1.47208E+01    29.83
    0.00     0.00    -150.34   -3.40   -3.40    0.00000   -90.00  LINEAR    6.36318E-07  -156.24    1.41539E+01    44.36
    5.00     0.00    -150.38   -3.34   -3.34    0.00000   -90.00  LINEAR    6.33897E-07  -147.77    1.42582E+01    59.80
   10.00     0.00    -150.48   -2.85   -2.85    0.00000   -90.00  LINEAR    6.26651E-07   -89.57    1.50813E+01    74.76
   15.00     0.00    -150.64   -2.04   -2.04    0.00000    90.00  LINEAR    6.14636E-07   116.57    1.65456E+01    88.12
   20.00     0.00    -150.88   -1.07   -1.07    0.00000   -90.00  LINEAR    5.97944E-07   -86.53    1.84990E+01    99.46
   25.00     0.00    -151.20   -0.06   -0.06    0.00000   -90.00  LINEAR    5.76700E-07  -112.68    2.07781E+01   108.86
   30.00     0.00    -151.59    0.91    0.91    0.00000   -90.00  LINEAR    5.51068E-07   -33.98    2.32416E+01   116.64
   35.00     0.00    -152.08    1.81    1.81    0.00000    90.00  LINEAR    5.21241E-07   136.92    2.57770E+01   123.12
   40.00     0.00    -152.66    2.62    2.62    0.00000    90.00  LINEAR    4.87448E-07    84.22    2.82964E+01   128.56
   45.00     0.00    -153.35    3.33    3.33    0.00000   -90.00  LINEAR    4.49945E-07   -94.14    3.07302E+01   133.15
   50.00     0.00    -154.18    3.96    3.96    0.00000    90.00  LINEAR    4.09017E-07   110.06    3.30235E+01   137.05
   55.00     0.00    -155.17    4.50    4.50    0.00000    90.00  LINEAR    3.64977E-07   171.47    3.51319E+01   140.35
   60.00     0.00    -156.36    4.95    4.95    0.00000   -90.00  LINEAR    3.18159E-07   -33.12    3.70200E+01   143.11
   65.00     0.00    -157.82    5.33    5.33    0.00000    90.00  LINEAR    2.68920E-07   130.76    3.86595E+01   145.40
   70.00     0.00    -159.66    5.63    5.63    0.00000   -90.00  LINEAR    2.17634E-07  -109.63    4.00282E+01   147.23
   75.00     0.00    -162.08    5.86    5.86    0.00000   -90.00  LINEAR    1.64691E-07   -59.28    4.11091E+01   148.63
   80.00     0.00    -165.55    6.03    6.03    0.00000   -90.00  LINEAR    1.10495E-07   -80.75    4.18897E+01   149.63
   85.00     0.00    -171.54    6.12    6.12    0.00000    90.00  LINEAR    5.54587E-08  -159.60    4.23613E+01   150.22
   90.00     0.00    -999.99    6.15    6.15    0.00000   -90.00  LINEAR    3.24739E-18   -90.00    4.25191E+01   150.42
   95.00     0.00    -171.54    6.12    6.12    0.00000    90.00  LINEAR    5.54587E-08   159.60    4.23613E+01   150.22
  100.00     0.00    -165.55    6.03    6.03    0.00000    90.00  LINEAR    1.10495E-07    80.75    4.18897E+01   149.63
  105.00     0.00    -162.08    5.86    5.86    0.00000    90.00  LINEAR    1.64691E-07    59.28    4.11091E+01   148.63
  110.00     0.00    -159.66    5.63    5.63    0.00000    90.00  LINEAR    2.17634E-07   109.63    4.00282E+01   147.23
  115.00     0.00    -157.82    5.33    5.33    0.00000    90.00  LINEAR    2.68920E-07  -130.76    3.86595E+01   145.40
  120.00     0.00    -156.36    4.95    4.95    0.00000   -90.00  LINEAR    3.18159E-07    33.12    3.70200E+01   143.11
  125.00     0.00    -155.17    4.50    4.50    0.00000    90.00  LINEAR    3.64977E-07  -171.47    3.51319E+01   140.35
  130.00     0.00    -154.18    3.96    3.96    0.00000   -90.00  LINEAR    4.09017E-07  -110.06    3.30235E+01   137.05
  135.00     0.00    -153.35    3.33    3.33    0.00000    90.00  LINEAR    4.49945E-07    94.14    3.07302E+01   133.15
  140.00     0.00    -152.66    2.62    2.62    0.00000   -90.00  LINEAR    4.87448E-07   -84.22    2.82964E+01   128.56
  145.00     0.00    -152.08    1.81    1.81    0.00000   -90.00  LINEAR    5.21241E-07  -136.92    2.57770E+01   123.12
  150.00     0.00    -151.59    0.91    0.91    0.00000    90.00  LINEAR    5.51068E-07    33.98    2.32416E+01   116.64
  155.00     0.00    -151.20   -0.06   -0.06    0.00000    90.00  LINEAR    5.76700E-07   112.68    2.07781E+01   108.86
  160.00     0.00    -150.88   -1.07   -1.07    0.00000    90.00  LINEAR    5.97944E-07    86.53    1.84990E+01    99.46
  165.00     0.00    -150.64   -2.04   -2.04    0.00000   -90.00  LINEAR    6.14636E-07  -116.57    1.65456E+01    88.12
  170.00     0.00    -150.48   -2.85   -2.85    0.00000    90.00  LINEAR    6.26651E-07    89.57    1.50813E+01    74.76
  175.00     0.00    -150.38   -3.34   -3.34    0.00000    90.00  LINEAR    6.33897E-07   147.77    1.42582E+01    59.80
  180.00     0.00    -150.34   -3.40   -3.40    0.00000   -90.00  LINEAR    6.36318E-07   156.24    1.41539E+01    44.36




                                 - - - - - - FREQUENCY - - - - - -

                                    FREQUENCY= 9.6300E+01 MHZ
                                    WAVELENGTH= 3.1132E+00 METERS




                    APPROXIMATE INTEGRATION EMPLOYED FOR SEGMENTS MORE THAN   1.000 WAVELENGTHS APART

                    THE EXTENDED THIN WIRE KERNEL WILL BE USED



                               - - - STRUCTURE IMPEDANCE LOADING - - -

                                   THIS STRUCTURE IS NOT LOADED



                                  - - - ANTENNA ENVIRONMENT - - -

                                            FREE SPACE



                                - - - MATRIX TIMING - - -

                        FILL=    0.000 SEC.,  FACTOR=    0.000 SEC.



                                            - - - NETWORK DATA - - -

      - FROM -    - TO -                          -  -  ADMITTANCE MATRIX ELEMENTS (MHOS)  -  -
      TAG  SEG.   TAG  SEG.             (ONE,ONE)                   (ONE,TWO)                   (TWO,TWO)
      NO.   NO.   NO.   NO.        REAL          IMAG.         REAL          IMAG.         REAL          IMAG.
     9901    28     3    14     0.0000E+00    0.0000E+00    0.0000E+00    1.0000E+00    0.0000E+00    0.0000E+00           



                           - - - STRUCTURE EXCITATION DATA AT NETWORK CONNECTION POINTS - - -

   TAG   SEG.    VOLTAGE (VOLTS)         CURRENT (AMPS)         IMPEDANCE (OHMS)        ADMITTANCE (MHOS)      POWER
   NO.   NO.    REAL        IMAG.       REAL        IMAG.       REAL        IMAG.       REAL        IMAG.     (WATTS)
     3    14 1.67622E+01-3.09371E+01 1.00000E+00-4.32042E-16 1.67622E+01-3.09371E+01 1.35389E-02 2.49881E-02 8.38108E+00
  9901    28 0.00000E+00 1.00000E+00-5.05759E-06 1.37544E-14 5.37719E-04-1.97723E+05 1.37544E-14 5.05759E-06 6.87722E-15



                                          - - - ANTENNA INPUT PARAMETERS - - -

   TAG   SEG.    VOLTAGE (VOLTS)         CURRENT (AMPS)         IMPEDANCE (OHMS)        ADMITTANCE (MHOS)      POWER
   NO.   NO.    REAL        IMAG.       REAL        IMAG.       REAL        IMAG.       REAL        IMAG.     (WATTS)
  9901    28 0.00000E+00 1.00000E+00 3.09371E+01 1.67622E+01 1.35389E-02 2.49881E-02 1.67622E+01-3.09371E+01 8.38108E+00



                             - - - CURRENTS AND LOCATION - - -

                                 DISTANCES IN WAVELENGTHS


  SEG.  TAG    COORD. OF SEG. CENTER     SEG.            - - - CURRENT (AMPS) - - -
  NO.   NO.     X        Y        Z      LENGTH     REAL        IMAG.       MAG.        PHASE
     1    1   0.0000   0.2004   0.0000  0.05011  -1.5560E-01  7.4491E-02  1.7252E-01  154.418
     2    1   0.0000   0.1503   0.0000  0.05011  -3.5003E-01  1.6296E-01  3.8610E-01  155.036
     3    1   0.0000   0.1002   0.0000  0.05011  -4.9701E-01  2.2659E-01  5.4623E-01  155.491
     4    1   0.0000   0.0501   0.0000  0.05011  -5.9226E-01  2.6650E-01  6.4945E-01  155.774
     5    1   0.0000   0.0000   0.0000  0.05011  -6.2531E-01  2.8006E-01  6.8516E-01  155.874
     6    1   0.0000  -0.0501   0.0000  0.05011  -5.9226E-01  2.6650E-01  6.4945E-01  155.774
     7    1   0.0000  -0.1002   0.0000  0.05011  -4.9701E-01  2.2659E-01  5.4623E-01  155.491
     8    1   0.0000  -0.1503   0.0000  0.05011  -3.5003E-01  1.6296E-01  3.8610E-01  155.036
     9    1   0.0000  -0.2004   0.0000  0.05011  -1.5560E-01  7.4491E-02  1.7252E-01  154.418
    10    3   0.1105   0.1915   0.0000  0.04788   2.4603E-01 -1.5857E-02  2.4654E-01   -3.688
    11    3   0.1105   0.1436   0.0000  0.04788   5.4244E-01 -2.6502E-02  5.4308E-01   -2.797
    12    3   0.1105   0.0958   0.0000  0.04788   7.6612E-01 -2.5920E-02  7.6656E-01   -1.938
    13    3   0.1105   0.0479   0.0000  0.04788   9.2277E-01 -1.6254E-02  9.2291E-01   -1.009
    14    3   0.1105   0.0000   0.0000  0.04788   1.0000E+00 -4.3204E-16  1.0000E+00    0.000
    15    3   0.1105  -0.0479   0.0000  0.04788   9.2277E-01 -1.6254E-02  9.2291E-01   -1.009
    16    3   0.1105  -0.0958   0.0000  0.04788   7.6612E-01 -2.5920E-02  7.6656E-01   -1.938
    17    3   0.1105  -0.1436   0.0000  0.04788   5.4244E-01 -2.6502E-02  5.4308E-01   -2.797
    18    3   0.1105  -0.1915   0.0000  0.04788   2.4603E-01 -1.5857E-02  2.4654E-01   -3.688
    19    5   0.2211   0.1782   0.0000  0.04454  -2.5420E-02 -1.3473E-01  1.3711E-01 -100.684
    20    5   0.2211   0.1336   0.0000  0.04454  -6.1291E-02 -2.8383E-01  2.9037E-01 -102.185
    21    5   0.2211   0.0891   0.0000  0.04454  -9.1160E-02 -3.8739E-01  3.9797E-01 -103.242
    22    5   0.2211   0.0445   0.0000  0.04454  -1.1141E-01 -4.5170E-01  4.6523E-01 -103.856
    23    5   0.2211   0.0000   0.0000  0.04454  -1.1860E-01 -4.7356E-01  4.8819E-01 -104.060
    24    5   0.2211  -0.0445   0.0000  0.04454  -1.1141E-01 -4.5170E-01  4.6523E-01 -103.856
    25    5   0.2211  -0.0891   0.0000  0.04454  -9.1159E-02 -3.8739E-01  3.9797E-01 -103.242
    26    5   0.2211  -0.1336   0.0000  0.04454  -6.1291E-02 -2.8383E-01  2.9037E-01 -102.185
    27    5   0.2211  -0.1782   0.0000  0.04454  -2.5420E-02 -1.3473E-01  1.3711E-01 -100.684
    28 9901   0.0000   0.00003180.3414  0.00100  -5.0576E-06  1.3754E-14  5.0576E-06  180.000



                                        - - - POWER BUDGET - - -

                                           INPUT POWER   = 8.3811E+00 WATTS
                                           RADIATED POWER= 8.3811E+00 WATTS
                                           STRUCTURE LOSS= 0.0000E+00 WATTS
                                           NETWORK LOSS  =-1.5987E-14 WATTS
                                           EFFICIENCY    = 100.00 PERCENT



                                                - - - RADIATION PATTERNS - - -

  - - ANGLES - -           - POWER GAINS -       - - - POLARIZATION - - -    - - - E(THETA) - - -    - - - E(PHI) - - -
  THETA     PHI        VERT.   HOR.    TOTAL      AXIAL     TILT   SENSE     MAGNITUDE    PHASE      MAGNITUDE    PHASE 
 DEGREES  DEGREES       DB      DB      DB        RATIO     DEG.              VOLTS/M    DEGREES      VOLTS/M    DEGREES
 -180.00     0.00    -150.76   -3.21   -3.21    0.00000   -90.00  LINEAR    6.49742E-07   147.11    1.54874E+01    49.41
 -175.00     0.00    -150.79   -3.43   -3.43    0.00000   -90.00  LINEAR    6.47270E-07  -176.11    1.51089E+01    34.73
 -170.00     0.00    -150.89   -3.28   -3.28    0.00000   -90.00  LINEAR    6.39871E-07   -98.94    1.53603E+01    20.64
 -165.00     0.00    -151.06   -2.87   -2.87    0.00000    90.00  LINEAR    6.27603E-07   -80.59    1.61109E+01     8.01
 -160.00     0.00    -151.30   -2.30   -2.30    0.00000    90.00  LINEAR    6.10558E-07    74.41    1.71923E+01    -2.79
 -155.00     0.00    -151.61   -1.69   -1.69    0.00000   -90.00  LINEAR    5.88867E-07   137.47    1.84493E+01   -11.80
 -150.00     0.00    -152.01   -1.09   -1.09    0.00000   -90.00  LINEAR    5.62693E-07   177.69    1.97629E+01   -19.27
 -145.00     0.00    -152.49   -0.55   -0.55    0.00000   -90.00  LINEAR    5.32238E-07  -155.92    2.10504E+01   -25.47
 -140.00     0.00    -153.07   -0.06   -0.06    0.00000   -90.00  LINEAR    4.97731E-07   168.18    2.22589E+01   -30.63
 -135.00     0.00    -153.77    0.36    0.36    0.00000    90.00  LINEAR    4.59437E-07   -32.74    2.33574E+01   -34.93
 -130.00     0.00    -154.60    0.71    0.71    0.00000   -90.00  LINEAR    4.17646E-07   167.75    2.43298E+01   -38.52
 -125.00     0.00    -155.58    1.01    1.01    0.00000   -90.00  LINEAR    3.72677E-07  -150.79    2.51703E+01   -41.50
 -120.00     0.00    -156.78    1.25    1.25    0.00000   -90.00  LINEAR    3.24871E-07  -151.44    2.58799E+01   -43.95
 -115.00     0.00    -158.24    1.44    1.44    0.00000    90.00  LINEAR    2.74593E-07  -115.32    2.64634E+01   -45.93
 -110.00     0.00    -160.08    1.59    1.59    0.00000    90.00  LINEAR    2.22225E-07     3.31    2.69274E+01   -47.50
 -105.00     0.00    -162.50    1.71    1.71    0.00000    90.00  LINEAR    1.68166E-07  -137.85    2.72792E+01   -48.68
 -100.00     0.00    -165.96    1.78    1.78    0.00000   -90.00  LINEAR    1.12826E-07   176.23    2.75252E+01   -49.51
  -95.00     0.00    -171.95    1.83    1.83    0.00000   -90.00  LINEAR    5.66287E-08  -156.60    2.76707E+01   -50.00
  -90.00     0.00    -999.99    1.84    1.84    0.00000    90.00  LINEAR    3.31590E-18   -90.00    2.77188E+01   -50.16
  -85.00     0.00    -171.95    1.83    1.83    0.00000   -90.00  LINEAR    5.66287E-08   156.60    2.76707E+01   -50.00
  -80.00     0.00    -165.96    1.78    1.78    0.00000   -90.00  LINEAR    1.12826E-07  -176.23    2.75252E+01   -49.51
  -75.00     0.00    -162.50    1.71    1.71    0.00000   -90.00  LINEAR    1.68166E-07   137.85    2.72792E+01   -48.68
  -70.00     0.00    -160.08    1.59    1.59    0.00000    90.00  LINEAR    2.22225E-07    -3.31    2.69274E+01   -47.50
  -65.00     0.00    -158.24    1.44    1.44    0.00000   -90.00  LINEAR    2.74593E-07   115.32    2.64634E+01   -45.93
  -60.00     0.00    -156.78    1.25    1.25    0.00000   -90.00  LINEAR    3.24871E-07   151.44    2.58799E+01   -43.95
  -55.00     0.00    -155.58    1.01    1.01    0.00000   -90.00  LINEAR    3.72677E-07   150.79    2.51703E+01   -41.50
  -50.00     0.00    -154.60    0.71    0.71    0.00000   -90.00  LINEAR    4.17646E-07  -167.75    2.43298E+01   -38.52
  -45.00     0.00    -153.77    0.36    0.36    0.00000    90.00  LINEAR    4.59437E-07    32.74    2.33574E+01   -34.93
  -40.00     0.00    -153.07   -0.06   -0.06    0.00000   -90.00  LINEAR    4.97731E-07  -168.18    2.22589E+01   -30.63
  -35.00     0.00    -152.49   -0.55   -0.55    0.00000   -90.00  LINEAR    5.32238E-07   155.92    2.10504E+01   -25.47
  -30.00     0.00    -152.01   -1.09   -1.09    0.00000   -90.00  LINEAR    5.62693E-07  -177.69    1.97629E+01   -19.27
  -25.00     0.00    -151.61   -1.69   -1.69    0.00000   -90.00  LINEAR    5.88867E-07  -137.47    1.84493E+01   -11.80
  -20.00     0.00    -151.30   -2.30   -2.30    0.00000    90.00  LINEAR    6.10558E-07   -74.41    1.71923E+01    -2.79
  -15.00     0.00    -151.06   -2.87   -2.87    0.00000    90.00  LINEAR    6.27603E-07    80.59    1.61109E+01     8.01
  -10.00     0.00    -150.89   -3.28   -3.28    0.00000    90.00  LINEAR    6.39871E-07    98.94    1.53603E+01    20.64
   -5.00     0.00    -150.79   -3.43   -3.43    0.00000   -90.00  LINEAR    6.47270E-07   176.11    1.51089E+01    34.73
    0.00     0.00    -150.76   -3.21   -3.21    0.00000   -90.00  LINEAR    6.49742E-07  -147.11    1.54874E+01    49.41
    5.00     0.00    -150.79   -2.64   -2.64    0.00000   -90.00  LINEAR    6.47270E-07   176.11    1.65354E+01    63.55
   10.00     0.00    -150.89   -1.81   -1.81    0.00000    90.00  LINEAR    6.39871E-07    98.94    1.81898E+01    76.28
   15.00     0.00    -151.06   -0.85   -0.85    0.00000    90.00  LINEAR    6.27603E-07    80.59    2.03252E+01    87.28
   20.00     0.00    -151.30    0.15    0.15    0.00000   -90.00  LINEAR    6.10558E-07   -74.41    2.28010E+01    96.60
   25.00     0.00    -151.61    1.12    1.12    0.00000   -90.00  LINEAR    5.88867E-07  -137.47    2.54892E+01   104.48
   30.00     0.00    -152.01    2.02    2.02    0.00000    90.00  LINEAR    5.62693E-07  -177.69    2.82817E+01   111.18
   35.00     0.00    -152.49    2.84    2.84    0.00000    90.00  LINEAR    5.32238E-07   155.92    3.10898E+01   116.92
   40.00     0.00    -153.07    3.58    3.58    0.00000    90.00  LINEAR    4.97731E-07  -168.18    3.38405E+01   121.86
   45.00     0.00    -153.77    4.23    4.23    0.00000   -90.00  LINEAR    4.59437E-07    32.74    3.64737E+01   126.13
   50.00     0.00    -154.60    4.80    4.80    0.00000    90.00  LINEAR    4.17646E-07  -167.75    3.89394E+01   129.81
   55.00     0.00    -155.58    5.29    5.29    0.00000    90.00  LINEAR    3.72677E-07   150.79    4.11964E+01   132.97
   60.00     0.00    -156.78    5.70    5.70    0.00000    90.00  LINEAR    3.24871E-07   151.44    4.32112E+01   135.65
   65.00     0.00    -158.24    6.04    6.04    0.00000    90.00  LINEAR    2.74593E-07   115.32    4.49565E+01   137.89
   70.00     0.00    -160.08    6.32    6.32    0.00000   -90.00  LINEAR    2.22225E-07    -3.31    4.64110E+01   139.69
   75.00     0.00    -162.50    6.53    6.53    0.00000    90.00  LINEAR    1.68166E-07   137.85    4.75581E+01   141.09
   80.00     0.00    -165.96    6.68    6.68    0.00000    90.00  LINEAR    1.12826E-07  -176.23    4.83856E+01   142.07
   85.00     0.00    -171.95    6.77    6.77    0.00000    90.00  LINEAR    5.66287E-08   156.60    4.88853E+01   142.67
   90.00     0.00    -999.99    6.80    6.80    0.00000   -90.00  LINEAR    3.31590E-18   -90.00    4.90524E+01   142.86
   95.00     0.00    -171.95    6.77    6.77    0.00000    90.00  LINEAR    5.66287E-08  -156.60    4.88853E+01   142.67
  100.00     0.00    -165.96    6.68    6.68    0.00000    90.00  LINEAR    1.12826E-07   176.23    4.83856E+01   142.07
  105.00     0.00    -162.50    6.53    6.53    0.00000    90.00  LINEAR    1.68166E-07  -137.85    4.75581E+01   141.09
  110.00     0.00    -160.08    6.32    6.32    0.00000   -90.00  LINEAR    2.22225E-07     3.31    4.64110E+01   139.69
  115.00     0.00    -158.24    6.04    6.04    0.00000   -90.00  LINEAR    2.74593E-07  -115.32    4.49565E+01   137.89
  120.00     0.00    -156.78    5.70    5.70    0.00000    90.00  LINEAR    3.24871E-07  -151.44    4.32112E+01   135.65
  125.00     0.00    -155.58    5.29    5.29    0.00000    90.00  LINEAR    3.72677E-07  -150.79    4.11964E+01   132.97
  130.00     0.00    -154.60    4.80    4.80    0.00000    90.00  LINEAR    4.17646E-07   167.75    3.89394E+01   129.81
  135.00     0.00    -153.77    4.23    4.23    0.00000   -90.00  LINEAR    4.59437E-07   -32.74    3.64737E+01   126.13
  140.00     0.00    -153.07    3.58    3.58    0.00000    90.00  LINEAR    4.97731E-07   168.18    3.38405E+01   121.86
  145.00     0.00    -152.49    2.84    2.84    0.00000    90.00  LINEAR    5.32238E-07  -155.92    3.10898E+01   116.92
  150.00     0.00    -152.01    2.02    2.02    0.00000    90.00  LINEAR    5.62693E-07   177.69    2.82817E+01   111.18
  155.00     0.00    -151.61    1.12    1.12    0.00000    90.00  LINEAR    5.88867E-07   137.47    2.54892E+01   104.48
  160.00     0.00    -151.30    0.15    0.15    0.00000    90.00  LINEAR    6.10558E-07    74.41    2.28010E+01    96.60
  165.00     0.00    -151.06   -0.85   -0.85    0.00000   -90.00  LINEAR    6.27603E-07   -80.59    2.03252E+01    87.28
  170.00     0.00    -150.89   -1.81   -1.81    0.00000   -90.00  LINEAR    6.39871E-07   -98.94    1.81898E+01    76.28
  175.00     0.00    -150.79   -2.64   -2.64    0.00000   -90.00  LINEAR    6.47270E-07  -176.11    1.65354E+01    63.55
  180.00     0.00    -150.76   -3.21   -3.21    0.00000   -90.00  LINEAR    6.49742E-07   147.11    1.54874E+01    49.41




                                 - - - - - - FREQUENCY - - - - - -

                                    FREQUENCY= 9.7300E+01 MHZ
                                    WAVELENGTH= 3.0812E+00 METERS




                    APPROXIMATE INTEGRATION EMPLOYED FOR SEGMENTS MORE THAN   1.000 WAVELENGTHS APART

                    THE EXTENDED THIN WIRE KERNEL WILL BE USED



                               - - - STRUCTURE IMPEDANCE LOADING - - -

                                   THIS STRUCTURE IS NOT LOADED



                                  - - - ANTENNA ENVIRONMENT - - -

                                            FREE SPACE



                                - - - MATRIX TIMING - - -

                        FILL=    0.000 SEC.,  FACTOR=    0.000 SEC.



                                            - - - NETWORK DATA - - -

      - FROM -    - TO -                          -  -  ADMITTANCE MATRIX ELEMENTS (MHOS)  -  -
      TAG  SEG.   TAG  SEG.             (ONE,ONE)                   (ONE,TWO)                   (TWO,TWO)
      NO.   NO.   NO.   NO.        REAL          IMAG.         REAL          IMAG.         REAL          IMAG.
     9901    28     3    14     0.0000E+00    0.0000E+00    0.0000E+00    1.0000E+00    0.0000E+00    0.0000E+00           



                           - - - STRUCTURE EXCITATION DATA AT NETWORK CONNECTION POINTS - - -

   TAG   SEG.    VOLTAGE (VOLTS)         CURRENT (AMPS)         IMPEDANCE (OHMS)        ADMITTANCE (MHOS)      POWER
   NO.   NO.    REAL        IMAG.       REAL        IMAG.       REAL        IMAG.       REAL        IMAG.     (WATTS)
     3    14 1.84343E+01-2.69836E+01 1.00000E+00-7.69682E-16 1.84343E+01-2.69836E+01 1.72616E-02 2.52670E-02 9.21717E+00
  9901    28 0.00000E+00 1.00000E+00-5.11011E-06 1.43347E-14 5.48945E-04-1.95691E+05 1.43347E-14 5.11011E-06 7.16736E-15



                                          - - - ANTENNA INPUT PARAMETERS - - -

   TAG   SEG.    VOLTAGE (VOLTS)         CURRENT (AMPS)         IMPEDANCE (OHMS)        ADMITTANCE (MHOS)      POWER
   NO.   NO.    REAL        IMAG.       REAL        IMAG.       REAL        IMAG.       REAL        IMAG.     (WATTS)
  9901    28 0.00000E+00 1.00000E+00 2.69836E+01 1.84343E+01 1.72616E-02 2.52670E-02 1.84343E+01-2.69836E+01 9.21717E+00



                             - - - CURRENTS AND LOCATION - - -

                                 DISTANCES IN WAVELENGTHS


  SEG.  TAG    COORD. OF SEG. CENTER     SEG.            - - - CURRENT (AMPS) - - -
  NO.   NO.     X        Y        Z      LENGTH     REAL        IMAG.       MAG.        PHASE
     1    1   0.0000   0.2025   0.0000  0.05063  -1.2951E-01  8.5189E-02  1.5501E-01  146.663
     2    1   0.0000   0.1519   0.0000  0.05063  -2.9363E-01  1.8664E-01  3.4793E-01  147.559
     3    1   0.0000   0.1013   0.0000  0.05063  -4.1912E-01  2.5980E-01  4.9311E-01  148.207
     4    1   0.0000   0.0506   0.0000  0.05063  -5.0087E-01  3.0575E-01  5.8681E-01  148.598
     5    1   0.0000   0.0000   0.0000  0.05063  -5.2930E-01  3.2139E-01  6.1923E-01  148.734
     6    1   0.0000  -0.0506   0.0000  0.05063  -5.0087E-01  3.0575E-01  5.8681E-01  148.598
     7    1   0.0000  -0.1013   0.0000  0.05063  -4.1912E-01  2.5980E-01  4.9311E-01  148.206
     8    1   0.0000  -0.1519   0.0000  0.05063  -2.9363E-01  1.8664E-01  3.4793E-01  147.559
     9    1   0.0000  -0.2025   0.0000  0.05063  -1.2951E-01  8.5189E-02  1.5501E-01  146.663
    10    3   0.1117   0.1935   0.0000  0.04838   2.4761E-01 -1.7638E-02  2.4823E-01   -4.075
    11    3   0.1117   0.1451   0.0000  0.04838   5.4587E-01 -2.9492E-02  5.4667E-01   -3.092
    12    3   0.1117   0.0968   0.0000  0.04838   7.7035E-01 -2.8840E-02  7.7089E-01   -2.144
    13    3   0.1117   0.0484   0.0000  0.04838   9.2591E-01 -1.8076E-02  9.2608E-01   -1.118
    14    3   0.1117   0.0000   0.0000  0.04838   1.0000E+00 -7.6968E-16  1.0000E+00    0.000
    15    3   0.1117  -0.0484   0.0000  0.04838   9.2591E-01 -1.8076E-02  9.2608E-01   -1.118
    16    3   0.1117  -0.0968   0.0000  0.04838   7.7035E-01 -2.8840E-02  7.7089E-01   -2.144
    17    3   0.1117  -0.1451   0.0000  0.04838   5.4587E-01 -2.9492E-02  5.4667E-01   -3.092
    18    3   0.1117  -0.1935   0.0000  0.04838   2.4761E-01 -1.7638E-02  2.4823E-01   -4.075
    19    5   0.2234   0.1800   0.0000  0.04500  -5.0672E-02 -1.5228E-01  1.6049E-01 -108.404
    20    5   0.2234   0.1350   0.0000  0.04500  -1.1466E-01 -3.2123E-01  3.4108E-01 -109.644
    21    5   0.2234   0.0900   0.0000  0.04500  -1.6408E-01 -4.3882E-01  4.6850E-01 -110.502
    22    5   0.2234   0.0450   0.0000  0.04500  -1.9643E-01 -5.1194E-01  5.4833E-01 -110.992
    23    5   0.2234   0.0000   0.0000  0.04500  -2.0771E-01 -5.3681E-01  5.7559E-01 -111.153
    24    5   0.2234  -0.0450   0.0000  0.04500  -1.9643E-01 -5.1194E-01  5.4833E-01 -110.992
    25    5   0.2234  -0.0900   0.0000  0.04500  -1.6408E-01 -4.3882E-01  4.6850E-01 -110.502
    26    5   0.2234  -0.1350   0.0000  0.04500  -1.1466E-01 -3.2123E-01  3.4108E-01 -109.644
    27    5   0.2234  -0.1800   0.0000  0.04500  -5.0672E-02 -1.5228E-01  1.6049E-01 -108.404
    28 9901   0.0000   0.00003213.3667  0.00101  -5.1101E-06  1.4335E-14  5.1101E-06  180.000



                                        - - - POWER BUDGET - - -

                                           INPUT POWER   = 9.2172E+00 WATTS
                                           RADIATED POWER= 9.2172E+00 WATTS
                                           STRUCTURE LOSS= 0.0000E+00 WATTS
                                           NETWORK LOSS  =-1.2434E-14 WATTS
                                           EFFICIENCY    = 100.00 PERCENT



                                                - - - RADIATION PATTERNS - - -

  - - ANGLES - -           - POWER GAINS -       - - - POLARIZATION - - -    - - - E(THETA) - - -    - - - E(PHI) - - -
  THETA     PHI        VERT.   HOR.    TOTAL      AXIAL     TILT   SENSE     MAGNITUDE    PHASE      MAGNITUDE    PHASE 
 DEGREES  DEGREES       DB      DB      DB        RATIO     DEG.              VOLTS/M    DEGREES      VOLTS/M    DEGREES
 -180.00     0.00    -150.99   -2.69   -2.69    0.00000    90.00  LINEAR    6.63307E-07   137.98    1.72473E+01    49.19
 -175.00     0.00    -151.02   -3.27   -3.27    0.00000   -90.00  LINEAR    6.60783E-07  -140.00    1.61303E+01    35.87
 -170.00     0.00    -151.12   -3.57   -3.57    0.00000    90.00  LINEAR    6.53230E-07    72.56    1.55917E+01    22.17
 -165.00     0.00    -151.29   -3.57   -3.57    0.00000    90.00  LINEAR    6.40705E-07   -44.60    1.55846E+01     8.95
 -160.00     0.00    -151.53   -3.34   -3.34    0.00000    90.00  LINEAR    6.23304E-07    62.29    1.59968E+01    -3.08
 -155.00     0.00    -151.84   -2.98   -2.98    0.00000   -90.00  LINEAR    6.01160E-07   162.26    1.66892E+01   -13.58
 -150.00     0.00    -152.24   -2.55   -2.55    0.00000    90.00  LINEAR    5.74440E-07   -38.59    1.75320E+01   -22.52
 -145.00     0.00    -152.72   -2.12   -2.12    0.00000   -90.00  LINEAR    5.43349E-07  -174.93    1.84238E+01   -30.03
 -140.00     0.00    -153.31   -1.72   -1.72    0.00000   -90.00  LINEAR    5.08122E-07    60.58    1.92940E+01   -36.31
 -135.00     0.00    -154.00   -1.36   -1.36    0.00000   -90.00  LINEAR    4.69028E-07  -159.62    2.00981E+01   -41.55
 -130.00     0.00    -154.83   -1.06   -1.06    0.00000   -90.00  LINEAR    4.26365E-07    85.57    2.08116E+01   -45.91
 -125.00     0.00    -155.82   -0.81   -0.81    0.00000    90.00  LINEAR    3.80457E-07  -130.11    2.14239E+01   -49.53
 -120.00     0.00    -157.01   -0.60   -0.60    0.00000    90.00  LINEAR    3.31653E-07    23.99    2.19337E+01   -52.50
 -115.00     0.00    -158.47   -0.44   -0.44    0.00000    90.00  LINEAR    2.80325E-07   -99.88    2.23454E+01   -54.89
 -110.00     0.00    -160.31   -0.32   -0.32    0.00000    90.00  LINEAR    2.26864E-07  -103.01    2.26663E+01   -56.78
 -105.00     0.00    -162.73   -0.23   -0.23    0.00000    90.00  LINEAR    1.71676E-07    25.02    2.29049E+01   -58.20
 -100.00     0.00    -166.20   -0.16   -0.16    0.00000    90.00  LINEAR    1.15182E-07   -88.30    2.30688E+01   -59.19
  -95.00     0.00    -172.18   -0.13   -0.13    0.00000    90.00  LINEAR    5.78109E-08  -112.81    2.31645E+01   -59.77
  -90.00     0.00    -999.99   -0.12   -0.12    0.00000    90.00  LINEAR    3.38512E-18   -90.00    2.31960E+01   -59.97
  -85.00     0.00    -172.18   -0.13   -0.13    0.00000   -90.00  LINEAR    5.78109E-08   112.81    2.31645E+01   -59.77
  -80.00     0.00    -166.20   -0.16   -0.16    0.00000   -90.00  LINEAR    1.15182E-07    88.30    2.30688E+01   -59.19
  -75.00     0.00    -162.73   -0.23   -0.23    0.00000    90.00  LINEAR    1.71676E-07   -25.02    2.29049E+01   -58.20
  -70.00     0.00    -160.31   -0.32   -0.32    0.00000   -90.00  LINEAR    2.26864E-07   103.01    2.26663E+01   -56.78
  -65.00     0.00    -158.47   -0.44   -0.44    0.00000   -90.00  LINEAR    2.80325E-07    99.88    2.23454E+01   -54.89
  -60.00     0.00    -157.01   -0.60   -0.60    0.00000    90.00  LINEAR    3.31653E-07   -23.99    2.19337E+01   -52.50
  -55.00     0.00    -155.82   -0.81   -0.81    0.00000   -90.00  LINEAR    3.80457E-07   130.11    2.14239E+01   -49.53
  -50.00     0.00    -154.83   -1.06   -1.06    0.00000    90.00  LINEAR    4.26365E-07   -85.57    2.08116E+01   -45.91
  -45.00     0.00    -154.00   -1.36   -1.36    0.00000   -90.00  LINEAR    4.69028E-07   159.62    2.00981E+01   -41.55
  -40.00     0.00    -153.31   -1.72   -1.72    0.00000    90.00  LINEAR    5.08122E-07   -60.58    1.92940E+01   -36.31
  -35.00     0.00    -152.72   -2.12   -2.12    0.00000   -90.00  LINEAR    5.43349E-07   174.93    1.84238E+01   -30.03
  -30.00     0.00    -152.24   -2.55   -2.55    0.00000    90.00  LINEAR    5.74440E-07    38.59    1.75320E+01   -22.52
  -25.00     0.00    -151.84   -2.98   -2.98    0.00000   -90.00  LINEAR    6.01160E-07  -162.26    1.66892E+01   -13.58
  -20.00     0.00    -151.53   -3.34   -3.34    0.00000    90.00  LINEAR    6.23304E-07   -62.29    1.59968E+01    -3.08
  -15.00     0.00    -151.29   -3.57   -3.57    0.00000    90.00  LINEAR    6.40705E-07    44.60    1.55846E+01     8.95
  -10.00     0.00    -151.12   -3.57   -3.57    0.00000   -90.00  LINEAR    6.53230E-07   -72.56    1.55917E+01    22.17
   -5.00     0.00    -151.02   -3.27   -3.27    0.00000   -90.00  LINEAR    6.60783E-07   140.00    1.61303E+01    35.87
    0.00     0.00    -150.99   -2.69   -2.69    0.00000   -90.00  LINEAR    6.63307E-07  -137.98    1.72473E+01    49.19
    5.00     0.00    -151.02   -1.89   -1.89    0.00000    90.00  LINEAR    6.60783E-07   140.00    1.89131E+01    61.44
   10.00     0.00    -151.12   -0.96   -0.96    0.00000   -90.00  LINEAR    6.53230E-07   -72.56    2.10430E+01    72.30
   15.00     0.00    -151.29    0.01    0.01    0.00000    90.00  LINEAR    6.40705E-07    44.60    2.35285E+01    81.75
   20.00     0.00    -151.53    0.96    0.96    0.00000   -90.00  LINEAR    6.23304E-07   -62.29    2.62611E+01    89.93
   25.00     0.00    -151.84    1.87    1.87    0.00000   -90.00  LINEAR    6.01160E-07  -162.26    2.91418E+01    97.02
   30.00     0.00    -152.24    2.70    2.70    0.00000    90.00  LINEAR    5.74440E-07    38.59    3.20841E+01   103.19
   35.00     0.00    -152.72    3.46    3.46    0.00000    90.00  LINEAR    5.43349E-07   174.93    3.50132E+01   108.60
   40.00     0.00    -153.31    4.14    4.14    0.00000   -90.00  LINEAR    5.08122E-07   -60.58    3.78648E+01   113.34
   45.00     0.00    -154.00    4.74    4.74    0.00000    90.00  LINEAR    4.69028E-07   159.62    4.05838E+01   117.50
   50.00     0.00    -154.83    5.27    5.27    0.00000   -90.00  LINEAR    4.26365E-07   -85.57    4.31233E+01   121.14
   55.00     0.00    -155.82    5.73    5.73    0.00000    90.00  LINEAR    3.80457E-07   130.11    4.54438E+01   124.28
   60.00     0.00    -157.01    6.11    6.11    0.00000   -90.00  LINEAR    3.31653E-07   -23.99    4.75127E+01   126.98
   65.00     0.00    -158.47    6.43    6.43    0.00000    90.00  LINEAR    2.80325E-07    99.88    4.93033E+01   129.23
   70.00     0.00    -160.31    6.69    6.69    0.00000    90.00  LINEAR    2.26864E-07   103.01    5.07945E+01   131.07
   75.00     0.00    -162.73    6.89    6.89    0.00000   -90.00  LINEAR    1.71676E-07   -25.02    5.19700E+01   132.48
   80.00     0.00    -166.20    7.03    7.03    0.00000    90.00  LINEAR    1.15182E-07    88.30    5.28177E+01   133.49
   85.00     0.00    -172.18    7.11    7.11    0.00000    90.00  LINEAR    5.78109E-08   112.81    5.33295E+01   134.10
   90.00     0.00    -999.99    7.14    7.14    0.00000   -90.00  LINEAR    3.38512E-18   -90.00    5.35007E+01   134.30
   95.00     0.00    -172.18    7.11    7.11    0.00000   -90.00  LINEAR    5.78109E-08  -112.81    5.33295E+01   134.10
  100.00     0.00    -166.20    7.03    7.03    0.00000   -90.00  LINEAR    1.15182E-07   -88.30    5.28177E+01   133.49
  105.00     0.00    -162.73    6.89    6.89    0.00000   -90.00  LINEAR    1.71676E-07    25.02    5.19700E+01   132.48
  110.00     0.00    -160.31    6.69    6.69    0.00000   -90.00  LINEAR    2.26864E-07  -103.01    5.07945E+01   131.07
  115.00     0.00    -158.47    6.43    6.43    0.00000   -90.00  LINEAR    2.80325E-07   -99.88    4.93033E+01   129.23
  120.00     0.00    -157.01    6.11    6.11    0.00000   -90.00  LINEAR    3.31653E-07    23.99    4.75127E+01   126.98
  125.00     0.00    -155.82    5.73    5.73    0.00000   -90.00  LINEAR    3.80457E-07  -130.11    4.54438E+01   124.28
  130.00     0.00    -154.83    5.27    5.27    0.00000    90.00  LINEAR    4.26365E-07    85.57    4.31233E+01   121.14
  135.00     0.00    -154.00    4.74    4.74    0.00000    90.00  LINEAR    4.69028E-07  -159.62    4.05838E+01   117.50
  140.00     0.00    -153.31    4.14    4.14    0.00000    90.00  LINEAR    5.08122E-07    60.58    3.78648E+01   113.34
  145.00     0.00    -152.72    3.46    3.46    0.00000    90.00  LINEAR    5.43349E-07  -174.93    3.50132E+01   108.60
  150.00     0.00    -152.24    2.70    2.70    0.00000   -90.00  LINEAR    5.74440E-07   -38.59    3.20841E+01   103.19
  155.00     0.00    -151.84    1.87    1.87    0.00000    90.00  LINEAR    6.01160E-07   162.26    2.91418E+01    97.02
  160.00     0.00    -151.53    0.96    0.96    0.00000    90.00  LINEAR    6.23304E-07    62.29    2.62611E+01    89.93
  165.00     0.00    -151.29    0.01    0.01    0.00000   -90.00  LINEAR    6.40705E-07   -44.60    2.35285E+01    81.75
  170.00     0.00    -151.12   -0.96   -0.96    0.00000    90.00  LINEAR    6.53230E-07    72.56    2.10430E+01    72.30
  175.00     0.00    -151.02   -1.89   -1.89    0.00000   -90.00  LINEAR    6.60783E-07  -140.00    1.89131E+01    61.44
  180.00     0.00    -150.99   -2.69   -2.69    0.00000    90.00  LINEAR    6.63307E-07   137.98    1.72473E+01    49.19




                                 - - - - - - FREQUENCY - - - - - -

                                    FREQUENCY= 9.8300E+01 MHZ
                                    WAVELENGTH= 3.0498E+00 METERS




                    APPROXIMATE INTEGRATION EMPLOYED FOR SEGMENTS MORE THAN   1.000 WAVELENGTHS APART

                    THE EXTENDED THIN WIRE KERNEL WILL BE USED



                               - - - STRUCTURE IMPEDANCE LOADING - - -

                                   THIS STRUCTURE IS NOT LOADED



                                  - - - ANTENNA ENVIRONMENT - - -

                                            FREE SPACE



                                - - - MATRIX TIMING - - -

                        FILL=    0.000 SEC.,  FACTOR=    0.000 SEC.



                                            - - - NETWORK DATA - - -

      - FROM -    - TO -                          -  -  ADMITTANCE MATRIX ELEMENTS (MHOS)  -  -
      TAG  SEG.   TAG  SEG.             (ONE,ONE)                   (ONE,TWO)                   (TWO,TWO)
      NO.   NO.   NO.   NO.        REAL          IMAG.         REAL          IMAG.         REAL          IMAG.
     9901    28     3    14     0.0000E+00    0.0000E+00    0.0000E+00    1.0000E+00    0.0000E+00    0.0000E+00           



                           - - - STRUCTURE EXCITATION DATA AT NETWORK CONNECTION POINTS - - -

   TAG   SEG.    VOLTAGE (VOLTS)         CURRENT (AMPS)         IMPEDANCE (OHMS)        ADMITTANCE (MHOS)      POWER
   NO.   NO.    REAL        IMAG.       REAL        IMAG.       REAL        IMAG.       REAL        IMAG.     (WATTS)
     3    14 1.90301E+01-2.36895E+01 1.00000E+00-8.46503E-16 1.90301E+01-2.36895E+01 2.06101E-02 2.56564E-02 9.51505E+00
  9901    28 0.00000E+00 1.00000E+00-5.16263E-06 1.49332E-14 5.60287E-04-1.93700E+05 1.49332E-14 5.16263E-06 7.46659E-15



                                          - - - ANTENNA INPUT PARAMETERS - - -

   TAG   SEG.    VOLTAGE (VOLTS)         CURRENT (AMPS)         IMPEDANCE (OHMS)        ADMITTANCE (MHOS)      POWER
   NO.   NO.    REAL        IMAG.       REAL        IMAG.       REAL        IMAG.       REAL        IMAG.     (WATTS)
  9901    28 0.00000E+00 1.00000E+00 2.36895E+01 1.90301E+01 2.06101E-02 2.56564E-02 1.90301E+01-2.36895E+01 9.51505E+00



                             - - - CURRENTS AND LOCATION - - -

                                 DISTANCES IN WAVELENGTHS


  SEG.  TAG    COORD. OF SEG. CENTER     SEG.            - - - CURRENT (AMPS) - - -
  NO.   NO.     X        Y        Z      LENGTH     REAL        IMAG.       MAG.        PHASE
     1    1   0.0000   0.2046   0.0000  0.05115  -1.0459E-01  8.4294E-02  1.3433E-01  141.132
     2    1   0.0000   0.1535   0.0000  0.05115  -2.3956E-01  1.8508E-01  3.0273E-01  142.310
     3    1   0.0000   0.1023   0.0000  0.05115  -3.4424E-01  2.5801E-01  4.3020E-01  143.148
     4    1   0.0000   0.0512   0.0000  0.05115  -4.1287E-01  3.0390E-01  5.1265E-01  143.645
     5    1   0.0000   0.0000   0.0000  0.05115  -4.3680E-01  3.1951E-01  5.4119E-01  143.815
     6    1   0.0000  -0.0512   0.0000  0.05115  -4.1287E-01  3.0390E-01  5.1265E-01  143.645
     7    1   0.0000  -0.1023   0.0000  0.05115  -3.4424E-01  2.5801E-01  4.3020E-01  143.148
     8    1   0.0000  -0.1535   0.0000  0.05115  -2.3956E-01  1.8508E-01  3.0273E-01  142.310
     9    1   0.0000  -0.2046   0.0000  0.05115  -1.0459E-01  8.4294E-02  1.3433E-01  141.132
    10    3   0.1128   0.1955   0.0000  0.04888   2.4847E-01 -1.8606E-02  2.4917E-01   -4.282
    11    3   0.1128   0.1466   0.0000  0.04888   5.4821E-01 -3.1020E-02  5.4909E-01   -3.239
    12    3   0.1128   0.0978   0.0000  0.04888   7.7358E-01 -3.0242E-02  7.7417E-01   -2.239
    13    3   0.1128   0.0489   0.0000  0.04888   9.2845E-01 -1.8902E-02  9.2864E-01   -1.166
    14    3   0.1128   0.0000   0.0000  0.04888   1.0000E+00 -8.4650E-16  1.0000E+00    0.000
    15    3   0.1128  -0.0489   0.0000  0.04888   9.2845E-01 -1.8902E-02  9.2864E-01   -1.166
    16    3   0.1128  -0.0978   0.0000  0.04888   7.7358E-01 -3.0242E-02  7.7417E-01   -2.239
    17    3   0.1128  -0.1466   0.0000  0.04888   5.4821E-01 -3.1019E-02  5.4909E-01   -3.239
    18    3   0.1128  -0.1955   0.0000  0.04888   2.4847E-01 -1.8606E-02  2.4917E-01   -4.282
    19    5   0.2257   0.1819   0.0000  0.04547  -8.0660E-02 -1.5992E-01  1.7911E-01 -116.765
    20    5   0.2257   0.1364   0.0000  0.04547  -1.7815E-01 -3.3774E-01  3.8184E-01 -117.810
    21    5   0.2257   0.0909   0.0000  0.04547  -2.5095E-01 -4.6176E-01  5.2554E-01 -118.522
    22    5   0.2257   0.0455   0.0000  0.04547  -2.9778E-01 -5.3895E-01  6.1574E-01 -118.922
    23    5   0.2257   0.0000   0.0000  0.04547  -3.1398E-01 -5.6522E-01  6.4657E-01 -119.052
    24    5   0.2257  -0.0455   0.0000  0.04547  -2.9778E-01 -5.3895E-01  6.1574E-01 -118.922
    25    5   0.2257  -0.0909   0.0000  0.04547  -2.5095E-01 -4.6176E-01  5.2554E-01 -118.522
    26    5   0.2257  -0.1364   0.0000  0.04547  -1.7815E-01 -3.3774E-01  3.8184E-01 -117.810
    27    5   0.2257  -0.1819   0.0000  0.04547  -8.0660E-02 -1.5992E-01  1.7911E-01 -116.765
    28 9901   0.0000   0.00003246.3921  0.00102  -5.1626E-06  1.4933E-14  5.1626E-06  180.000



                                        - - - POWER BUDGET - - -

                                           INPUT POWER   = 9.5151E+00 WATTS
                                           RADIATED POWER= 9.5151E+00 WATTS
                                           STRUCTURE LOSS= 0.0000E+00 WATTS
                                           NETWORK LOSS  = 1.7764E-15 WATTS
                                           EFFICIENCY    = 100.00 PERCENT



                                                - - - RADIATION PATTERNS - - -

  - - ANGLES - -           - POWER GAINS -       - - - POLARIZATION - - -    - - - E(THETA) - - -    - - - E(PHI) - - -
  THETA     PHI        VERT.   HOR.    TOTAL      AXIAL     TILT   SENSE     MAGNITUDE    PHASE      MAGNITUDE    PHASE 
 DEGREES  DEGREES       DB      DB      DB        RATIO     DEG.              VOLTS/M    DEGREES      VOLTS/M    DEGREES
 -180.00     0.00    -150.95   -2.18   -2.18    0.00000    90.00  LINEAR    6.77011E-07   128.86    1.85836E+01    45.13
 -175.00     0.00    -150.98   -2.94   -2.94    0.00000   -90.00  LINEAR    6.74435E-07  -103.88    1.70338E+01    33.28
 -170.00     0.00    -151.08   -3.51   -3.51    0.00000   -90.00  LINEAR    6.66726E-07  -115.95    1.59524E+01    20.73
 -165.00     0.00    -151.25   -3.85   -3.85    0.00000    90.00  LINEAR    6.53942E-07    -8.62    1.53349E+01     8.05
 -160.00     0.00    -151.49   -3.97   -3.97    0.00000    90.00  LINEAR    6.36182E-07    50.16    1.51251E+01    -4.14
 -155.00     0.00    -151.81   -3.91   -3.91    0.00000   -90.00  LINEAR    6.13580E-07  -172.95    1.52288E+01   -15.33
 -150.00     0.00    -152.20   -3.73   -3.73    0.00000   -90.00  LINEAR    5.86309E-07   105.12    1.55391E+01   -25.24
 -145.00     0.00    -152.68   -3.50   -3.50    0.00000   -90.00  LINEAR    5.54575E-07   166.07    1.59595E+01   -33.82
 -140.00     0.00    -153.27   -3.26   -3.26    0.00000    90.00  LINEAR    5.18620E-07   -47.02    1.64148E+01   -41.13
 -135.00     0.00    -153.96   -3.03   -3.03    0.00000   -90.00  LINEAR    4.78719E-07    73.50    1.68541E+01   -47.32
 -130.00     0.00    -154.79   -2.83   -2.83    0.00000    90.00  LINEAR    4.35174E-07     3.39    1.72467E+01   -52.50
 -125.00     0.00    -155.78   -2.66   -2.66    0.00000    90.00  LINEAR    3.88317E-07  -109.44    1.75777E+01   -56.82
 -120.00     0.00    -156.97   -2.53   -2.53    0.00000   -90.00  LINEAR    3.38505E-07  -160.57    1.78436E+01   -60.37
 -115.00     0.00    -158.43   -2.43   -2.43    0.00000    90.00  LINEAR    2.86117E-07   -84.45    1.80476E+01   -63.25
 -110.00     0.00    -160.27   -2.36   -2.36    0.00000   -90.00  LINEAR    2.31551E-07   150.67    1.81973E+01   -65.52
 -105.00     0.00    -162.69   -2.31   -2.31    0.00000   -90.00  LINEAR    1.75223E-07  -172.11    1.83013E+01   -67.23
 -100.00     0.00    -166.16   -2.28   -2.28    0.00000    90.00  LINEAR    1.17562E-07     7.18    1.83685E+01   -68.42
  -95.00     0.00    -172.14   -2.26   -2.26    0.00000    90.00  LINEAR    5.90053E-08   -69.02    1.84058E+01   -69.13
  -90.00     0.00    -999.99   -2.26   -2.26    0.00000    90.00  LINEAR    3.45506E-18   -90.00    1.84177E+01   -69.36
  -85.00     0.00    -172.14   -2.26   -2.26    0.00000   -90.00  LINEAR    5.90053E-08    69.02    1.84058E+01   -69.13
  -80.00     0.00    -166.16   -2.28   -2.28    0.00000    90.00  LINEAR    1.17562E-07    -7.18    1.83685E+01   -68.42
  -75.00     0.00    -162.69   -2.31   -2.31    0.00000   -90.00  LINEAR    1.75223E-07   172.11    1.83013E+01   -67.23
  -70.00     0.00    -160.27   -2.36   -2.36    0.00000    90.00  LINEAR    2.31551E-07  -150.67    1.81973E+01   -65.52
  -65.00     0.00    -158.43   -2.43   -2.43    0.00000   -90.00  LINEAR    2.86117E-07    84.45    1.80476E+01   -63.25
  -60.00     0.00    -156.97   -2.53   -2.53    0.00000   -90.00  LINEAR    3.38505E-07   160.57    1.78436E+01   -60.37
  -55.00     0.00    -155.78   -2.66   -2.66    0.00000   -90.00  LINEAR    3.88317E-07   109.44    1.75777E+01   -56.82
  -50.00     0.00    -154.79   -2.83   -2.83    0.00000    90.00  LINEAR    4.35174E-07    -3.39    1.72467E+01   -52.50
  -45.00     0.00    -153.96   -3.03   -3.03    0.00000    90.00  LINEAR    4.78719E-07   -73.50    1.68541E+01   -47.32
  -40.00     0.00    -153.27   -3.26   -3.26    0.00000    90.00  LINEAR    5.18620E-07    47.02    1.64148E+01   -41.13
  -35.00     0.00    -152.68   -3.50   -3.50    0.00000   -90.00  LINEAR    5.54575E-07  -166.07    1.59595E+01   -33.82
  -30.00     0.00    -152.20   -3.73   -3.73    0.00000    90.00  LINEAR    5.86309E-07  -105.12    1.55391E+01   -25.24
  -25.00     0.00    -151.81   -3.91   -3.91    0.00000   -90.00  LINEAR    6.13580E-07   172.95    1.52288E+01   -15.33
  -20.00     0.00    -151.49   -3.97   -3.97    0.00000    90.00  LINEAR    6.36182E-07   -50.16    1.51251E+01    -4.14
  -15.00     0.00    -151.25   -3.85   -3.85    0.00000    90.00  LINEAR    6.53942E-07     8.62    1.53349E+01     8.05
  -10.00     0.00    -151.08   -3.51   -3.51    0.00000   -90.00  LINEAR    6.66726E-07   115.95    1.59524E+01    20.73
   -5.00     0.00    -150.98   -2.94   -2.94    0.00000    90.00  LINEAR    6.74435E-07   103.88    1.70338E+01    33.28
    0.00     0.00    -150.95   -2.18   -2.18    0.00000   -90.00  LINEAR    6.77011E-07  -128.86    1.85836E+01    45.13
    5.00     0.00    -150.98   -1.30   -1.30    0.00000    90.00  LINEAR    6.74435E-07   103.88    2.05604E+01    55.95
   10.00     0.00    -151.08   -0.37   -0.37    0.00000    90.00  LINEAR    6.66726E-07   115.95    2.28937E+01    65.63
   15.00     0.00    -151.25    0.57    0.57    0.00000    90.00  LINEAR    6.53942E-07     8.62    2.55012E+01    74.20
   20.00     0.00    -151.49    1.47    1.47    0.00000   -90.00  LINEAR    6.36182E-07   -50.16    2.82997E+01    81.78
   25.00     0.00    -151.81    2.32    2.32    0.00000    90.00  LINEAR    6.13580E-07   172.95    3.12103E+01    88.50
   30.00     0.00    -152.20    3.11    3.11    0.00000   -90.00  LINEAR    5.86309E-07  -105.12    3.41606E+01    94.46
   35.00     0.00    -152.68    3.82    3.82    0.00000   -90.00  LINEAR    5.54575E-07  -166.07    3.70854E+01    99.76
   40.00     0.00    -153.27    4.46    4.46    0.00000    90.00  LINEAR    5.18620E-07    47.02    3.99264E+01   104.47
   45.00     0.00    -153.96    5.03    5.03    0.00000   -90.00  LINEAR    4.78719E-07   -73.50    4.26320E+01   108.65
   50.00     0.00    -154.79    5.53    5.53    0.00000   -90.00  LINEAR    4.35174E-07    -3.39    4.51577E+01   112.33
   55.00     0.00    -155.78    5.96    5.96    0.00000    90.00  LINEAR    3.88317E-07   109.44    4.74653E+01   115.54
   60.00     0.00    -156.97    6.33    6.33    0.00000    90.00  LINEAR    3.38505E-07   160.57    4.95227E+01   118.29
   65.00     0.00    -158.43    6.64    6.64    0.00000    90.00  LINEAR    2.86117E-07    84.45    5.13037E+01   120.61
   70.00     0.00    -160.27    6.89    6.89    0.00000    90.00  LINEAR    2.31551E-07  -150.67    5.27871E+01   122.50
   75.00     0.00    -162.69    7.08    7.08    0.00000    90.00  LINEAR    1.75223E-07   172.11    5.39566E+01   123.97
   80.00     0.00    -166.16    7.21    7.21    0.00000   -90.00  LINEAR    1.17562E-07    -7.18    5.48002E+01   125.02
   85.00     0.00    -172.14    7.29    7.29    0.00000    90.00  LINEAR    5.90053E-08    69.02    5.53095E+01   125.64
   90.00     0.00    -999.99    7.32    7.32    0.00000   -90.00  LINEAR    3.45506E-18   -90.00    5.54798E+01   125.85
   95.00     0.00    -172.14    7.29    7.29    0.00000   -90.00  LINEAR    5.90053E-08   -69.02    5.53095E+01   125.64
  100.00     0.00    -166.16    7.21    7.21    0.00000   -90.00  LINEAR    1.17562E-07     7.18    5.48002E+01   125.02
  105.00     0.00    -162.69    7.08    7.08    0.00000    90.00  LINEAR    1.75223E-07  -172.11    5.39566E+01   123.97
  110.00     0.00    -160.27    6.89    6.89    0.00000    90.00  LINEAR    2.31551E-07   150.67    5.27871E+01   122.50
  115.00     0.00    -158.43    6.64    6.64    0.00000   -90.00  LINEAR    2.86117E-07   -84.45    5.13037E+01   120.61
  120.00     0.00    -156.97    6.33    6.33    0.00000    90.00  LINEAR    3.38505E-07  -160.57    4.95227E+01   118.29
  125.00     0.00    -155.78    5.96    5.96    0.00000   -90.00  LINEAR    3.88317E-07  -109.44    4.74653E+01   115.54
  130.00     0.00    -154.79    5.53    5.53    0.00000   -90.00  LINEAR    4.35174E-07     3.39    4.51577E+01   112.33
  135.00     0.00    -153.96    5.03    5.03    0.00000    90.00  LINEAR    4.78719E-07    73.50    4.26320E+01   108.65
  140.00     0.00    -153.27    4.46    4.46    0.00000   -90.00  LINEAR    5.18620E-07   -47.02    3.99264E+01   104.47
  145.00     0.00    -152.68    3.82    3.82    0.00000    90.00  LINEAR    5.54575E-07   166.07    3.70854E+01    99.76
  150.00     0.00    -152.20    3.11    3.11    0.00000    90.00  LINEAR    5.86309E-07   105.12    3.41606E+01    94.46
  155.00     0.00    -151.81    2.32    2.32    0.00000   -90.00  LINEAR    6.13580E-07  -172.95    3.12103E+01    88.50
  160.00     0.00    -151.49    1.47    1.47    0.00000    90.00  LINEAR    6.36182E-07    50.16    2.82997E+01    81.78
  165.00     0.00    -151.25    0.57    0.57    0.00000    90.00  LINEAR    6.53942E-07    -8.62    2.55012E+01    74.20
  170.00     0.00    -151.08   -0.37   -0.37    0.00000   -90.00  LINEAR    6.66726E-07  -115.95    2.28937E+01    65.63
  175.00     0.00    -150.98   -1.30   -1.30    0.00000   -90.00  LINEAR    6.74435E-07  -103.88    2.05604E+01    55.95
  180.00     0.00    -150.95   -2.18   -2.18    0.00000    90.00  LINEAR    6.77011E-07   128.86    1.85836E+01    45.13




                                 - - - - - - FREQUENCY - - - - - -

                                    FREQUENCY= 9.9300E+01 MHZ
                                    WAVELENGTH= 3.0191E+00 METERS




                    APPROXIMATE INTEGRATION EMPLOYED FOR SEGMENTS MORE THAN   1.000 WAVELENGTHS APART

                    THE EXTENDED THIN WIRE KERNEL WILL BE USED



                               - - - STRUCTURE IMPEDANCE LOADING - - -

                                   THIS STRUCTURE IS NOT LOADED



                                  - - - ANTENNA ENVIRONMENT - - -

                                            FREE SPACE



                                - - - MATRIX TIMING - - -

                        FILL=    0.000 SEC.,  FACTOR=    0.000 SEC.



                                            - - - NETWORK DATA - - -

      - FROM -    - TO -                          -  -  ADMITTANCE MATRIX ELEMENTS (MHOS)  -  -
      TAG  SEG.   TAG  SEG.             (ONE,ONE)                   (ONE,TWO)                   (TWO,TWO)
      NO.   NO.   NO.   NO.        REAL          IMAG.         REAL          IMAG.         REAL          IMAG.
     9901    28     3    14     0.0000E+00    0.0000E+00    0.0000E+00    1.0000E+00    0.0000E+00    0.0000E+00           



                           - - - STRUCTURE EXCITATION DATA AT NETWORK CONNECTION POINTS - - -

   TAG   SEG.    VOLTAGE (VOLTS)         CURRENT (AMPS)         IMPEDANCE (OHMS)        ADMITTANCE (MHOS)      POWER
   NO.   NO.    REAL        IMAG.       REAL        IMAG.       REAL        IMAG.       REAL        IMAG.     (WATTS)
     3    14 1.84541E+01-2.03426E+01 1.00000E+00-1.34076E-15 1.84541E+01-2.03426E+01 2.44627E-02 2.69661E-02 9.22707E+00
  9901    28 0.00000E+00 1.00000E+00-5.21515E-06 1.55502E-14 5.71744E-04-1.91749E+05 1.55502E-14 5.21515E-06 7.77508E-15



                                          - - - ANTENNA INPUT PARAMETERS - - -

   TAG   SEG.    VOLTAGE (VOLTS)         CURRENT (AMPS)         IMPEDANCE (OHMS)        ADMITTANCE (MHOS)      POWER
   NO.   NO.    REAL        IMAG.       REAL        IMAG.       REAL        IMAG.       REAL        IMAG.     (WATTS)
  9901    28 0.00000E+00 1.00000E+00 2.03426E+01 1.84541E+01 2.44627E-02 2.69661E-02 1.84541E+01-2.03426E+01 9.22707E+00



                             - - - CURRENTS AND LOCATION - - -

                                 DISTANCES IN WAVELENGTHS


  SEG.  TAG    COORD. OF SEG. CENTER     SEG.            - - - CURRENT (AMPS) - - -
  NO.   NO.     X        Y        Z      LENGTH     REAL        IMAG.       MAG.        PHASE
     1    1   0.0000   0.2067   0.0000  0.05167  -8.5707E-02  7.5398E-02  1.1415E-01  138.661
     2    1   0.0000   0.1550   0.0000  0.05167  -1.9848E-01  1.6599E-01  2.5874E-01  140.094
     3    1   0.0000   0.1033   0.0000  0.05167  -2.8722E-01  2.3181E-01  3.6910E-01  141.095
     4    1   0.0000   0.0517   0.0000  0.05167  -3.4577E-01  2.7328E-01  4.4072E-01  141.679
     5    1   0.0000   0.0000   0.0000  0.05167  -3.6624E-01  2.8740E-01  4.6554E-01  141.878
     6    1   0.0000  -0.0517   0.0000  0.05167  -3.4577E-01  2.7328E-01  4.4072E-01  141.679
     7    1   0.0000  -0.1033   0.0000  0.05167  -2.8722E-01  2.3181E-01  3.6910E-01  141.095
     8    1   0.0000  -0.1550   0.0000  0.05167  -1.9848E-01  1.6599E-01  2.5874E-01  140.094
     9    1   0.0000  -0.2067   0.0000  0.05167  -8.5707E-02  7.5398E-02  1.1415E-01  138.661
    10    3   0.1140   0.1975   0.0000  0.04937   2.4923E-01 -1.8540E-02  2.4992E-01   -4.254
    11    3   0.1140   0.1481   0.0000  0.04937   5.5048E-01 -3.0769E-02  5.5134E-01   -3.199
    12    3   0.1140   0.0987   0.0000  0.04937   7.7685E-01 -2.9859E-02  7.7742E-01   -2.201
    13    3   0.1140   0.0494   0.0000  0.04937   9.3107E-01 -1.8587E-02  9.3125E-01   -1.144
    14    3   0.1140   0.0000   0.0000  0.04937   1.0000E+00 -1.3408E-15  1.0000E+00    0.000
    15    3   0.1140  -0.0494   0.0000  0.04937   9.3107E-01 -1.8587E-02  9.3125E-01   -1.144
    16    3   0.1140  -0.0987   0.0000  0.04937   7.7685E-01 -2.9859E-02  7.7742E-01   -2.201
    17    3   0.1140  -0.1481   0.0000  0.04937   5.5048E-01 -3.0769E-02  5.5134E-01   -3.199
    18    3   0.1140  -0.1975   0.0000  0.04937   2.4923E-01 -1.8540E-02  2.4992E-01   -4.254
    19    5   0.2280   0.1837   0.0000  0.04593  -1.0995E-01 -1.5784E-01  1.9236E-01 -124.861
    20    5   0.2280   0.1378   0.0000  0.04593  -2.4028E-01 -3.3372E-01  4.1122E-01 -125.754
    21    5   0.2280   0.0919   0.0000  0.04593  -3.3608E-01 -4.5662E-01  5.6696E-01 -126.354
    22    5   0.2280   0.0459   0.0000  0.04593  -3.9720E-01 -5.3319E-01  6.6487E-01 -126.684
    23    5   0.2280   0.0000   0.0000  0.04593  -4.1823E-01 -5.5926E-01  6.9835E-01 -126.790
    24    5   0.2280  -0.0459   0.0000  0.04593  -3.9720E-01 -5.3319E-01  6.6487E-01 -126.684
    25    5   0.2280  -0.0919   0.0000  0.04593  -3.3608E-01 -4.5662E-01  5.6696E-01 -126.354
    26    5   0.2280  -0.1378   0.0000  0.04593  -2.4028E-01 -3.3372E-01  4.1122E-01 -125.754
    27    5   0.2280  -0.1837   0.0000  0.04593  -1.0995E-01 -1.5784E-01  1.9236E-01 -124.861
    28 9901   0.0000   0.00003279.4174  0.00103  -5.2151E-06  1.5550E-14  5.2151E-06  180.000



                                        - - - POWER BUDGET - - -

                                           INPUT POWER   = 9.2271E+00 WATTS
                                           RADIATED POWER= 9.2271E+00 WATTS
                                           STRUCTURE LOSS= 0.0000E+00 WATTS
                                           NETWORK LOSS  =-1.4211E-14 WATTS
                                           EFFICIENCY    = 100.00 PERCENT



                                                - - - RADIATION PATTERNS - - -

  - - ANGLES - -           - POWER GAINS -       - - - POLARIZATION - - -    - - - E(THETA) - - -    - - - E(PHI) - - -
  THETA     PHI        VERT.   HOR.    TOTAL      AXIAL     TILT   SENSE     MAGNITUDE    PHASE      MAGNITUDE    PHASE 
 DEGREES  DEGREES       DB      DB      DB        RATIO     DEG.              VOLTS/M    DEGREES      VOLTS/M    DEGREES
 -180.00     0.00    -150.64   -1.80   -1.80    0.00000    90.00  LINEAR    6.90856E-07   119.73    1.91245E+01    39.14
 -175.00     0.00    -150.67   -2.63   -2.63    0.00000   -90.00  LINEAR    6.88227E-07   -67.77    1.73811E+01    28.37
 -170.00     0.00    -150.77   -3.34   -3.34    0.00000    90.00  LINEAR    6.80360E-07    55.55    1.60046E+01    16.92
 -165.00     0.00    -150.94   -3.91   -3.91    0.00000    90.00  LINEAR    6.67315E-07    27.37    1.49999E+01     5.12
 -160.00     0.00    -151.18   -4.30   -4.30    0.00000    90.00  LINEAR    6.49192E-07    38.04    1.43385E+01    -6.58
 -155.00     0.00    -151.50   -4.53   -4.53    0.00000   -90.00  LINEAR    6.26128E-07  -148.15    1.39624E+01   -17.75
 -150.00     0.00    -151.89   -4.63   -4.63    0.00000    90.00  LINEAR    5.98298E-07  -111.16    1.37974E+01   -28.03
 -145.00     0.00    -152.37   -4.65   -4.65    0.00000   -90.00  LINEAR    5.65916E-07   147.07    1.37680E+01   -37.25
 -140.00     0.00    -152.96   -4.63   -4.63    0.00000   -90.00  LINEAR    5.29226E-07  -154.61    1.38101E+01   -45.33
 -135.00     0.00    -153.65   -4.58   -4.58    0.00000    90.00  LINEAR    4.88508E-07   -53.38    1.38764E+01   -52.33
 -130.00     0.00    -154.48   -4.55   -4.55    0.00000    90.00  LINEAR    4.44073E-07   -78.80    1.39367E+01   -58.30
 -125.00     0.00    -155.47   -4.52   -4.52    0.00000    90.00  LINEAR    3.96258E-07   -88.76    1.39754E+01   -63.34
 -120.00     0.00    -156.66   -4.51   -4.51    0.00000    90.00  LINEAR    3.45428E-07    14.87    1.39879E+01   -67.54
 -115.00     0.00    -158.12   -4.52   -4.52    0.00000    90.00  LINEAR    2.91968E-07   -69.01    1.39770E+01   -70.97
 -110.00     0.00    -159.96   -4.54   -4.54    0.00000   -90.00  LINEAR    2.36286E-07    44.35    1.39502E+01   -73.70
 -105.00     0.00    -162.38   -4.56   -4.56    0.00000    90.00  LINEAR    1.78806E-07    -9.25    1.39164E+01   -75.77
 -100.00     0.00    -165.85   -4.58   -4.58    0.00000   -90.00  LINEAR    1.19966E-07   102.65    1.38847E+01   -77.22
  -95.00     0.00    -171.84   -4.59   -4.59    0.00000    90.00  LINEAR    6.02120E-08   -25.22    1.38624E+01   -78.08
  -90.00     0.00    -999.99   -4.60   -4.60    0.00000    90.00  LINEAR    3.52572E-18   -90.00    1.38544E+01   -78.36
  -85.00     0.00    -171.84   -4.59   -4.59    0.00000   -90.00  LINEAR    6.02120E-08    25.22    1.38624E+01   -78.08
  -80.00     0.00    -165.85   -4.58   -4.58    0.00000    90.00  LINEAR    1.19966E-07  -102.65    1.38847E+01   -77.22
  -75.00     0.00    -162.38   -4.56   -4.56    0.00000    90.00  LINEAR    1.78806E-07     9.25    1.39164E+01   -75.77
  -70.00     0.00    -159.96   -4.54   -4.54    0.00000    90.00  LINEAR    2.36286E-07   -44.35    1.39502E+01   -73.70
  -65.00     0.00    -158.12   -4.52   -4.52    0.00000   -90.00  LINEAR    2.91968E-07    69.01    1.39770E+01   -70.97
  -60.00     0.00    -156.66   -4.51   -4.51    0.00000    90.00  LINEAR    3.45428E-07   -14.87    1.39879E+01   -67.54
  -55.00     0.00    -155.47   -4.52   -4.52    0.00000   -90.00  LINEAR    3.96258E-07    88.76    1.39754E+01   -63.34
  -50.00     0.00    -154.48   -4.55   -4.55    0.00000   -90.00  LINEAR    4.44073E-07    78.80    1.39367E+01   -58.30
  -45.00     0.00    -153.65   -4.58   -4.58    0.00000   -90.00  LINEAR    4.88508E-07    53.38    1.38764E+01   -52.33
  -40.00     0.00    -152.96   -4.63   -4.63    0.00000   -90.00  LINEAR    5.29226E-07   154.61    1.38101E+01   -45.33
  -35.00     0.00    -152.37   -4.65   -4.65    0.00000   -90.00  LINEAR    5.65916E-07  -147.07    1.37680E+01   -37.25
  -30.00     0.00    -151.89   -4.63   -4.63    0.00000   -90.00  LINEAR    5.98298E-07   111.16    1.37974E+01   -28.03
  -25.00     0.00    -151.50   -4.53   -4.53    0.00000   -90.00  LINEAR    6.26128E-07   148.15    1.39624E+01   -17.75
  -20.00     0.00    -151.18   -4.30   -4.30    0.00000    90.00  LINEAR    6.49192E-07   -38.04    1.43385E+01    -6.58
  -15.00     0.00    -150.94   -3.91   -3.91    0.00000    90.00  LINEAR    6.67315E-07   -27.37    1.49999E+01     5.12
  -10.00     0.00    -150.77   -3.34   -3.34    0.00000    90.00  LINEAR    6.80360E-07   -55.55    1.60046E+01    16.92
   -5.00     0.00    -150.67   -2.63   -2.63    0.00000    90.00  LINEAR    6.88227E-07    67.77    1.73811E+01    28.37
    0.00     0.00    -150.64   -1.80   -1.80    0.00000   -90.00  LINEAR    6.90856E-07  -119.73    1.91245E+01    39.14
    5.00     0.00    -150.67   -0.90   -0.90    0.00000    90.00  LINEAR    6.88227E-07    67.77    2.12022E+01    49.06
   10.00     0.00    -150.77    0.02    0.02    0.00000   -90.00  LINEAR    6.80360E-07   -55.55    2.35629E+01    58.07
   15.00     0.00    -150.94    0.92    0.92    0.00000   -90.00  LINEAR    6.67315E-07   -27.37    2.61453E+01    66.20
   20.00     0.00    -151.18    1.78    1.78    0.00000   -90.00  LINEAR    6.49192E-07   -38.04    2.88848E+01    73.52
   25.00     0.00    -151.50    2.60    2.60    0.00000    90.00  LINEAR    6.26128E-07   148.15    3.17168E+01    80.11
   30.00     0.00    -151.89    3.35    3.35    0.00000    90.00  LINEAR    5.98298E-07   111.16    3.45794E+01    86.04
   35.00     0.00    -152.37    4.03    4.03    0.00000   -90.00  LINEAR    5.65916E-07  -147.07    3.74144E+01    91.37
   40.00     0.00    -152.96    4.65    4.65    0.00000    90.00  LINEAR    5.29226E-07   154.61    4.01683E+01    96.15
   45.00     0.00    -153.65    5.20    5.20    0.00000    90.00  LINEAR    4.88508E-07    53.38    4.27928E+01   100.42
   50.00     0.00    -154.48    5.68    5.68    0.00000    90.00  LINEAR    4.44073E-07    78.80    4.52450E+01   104.21
   55.00     0.00    -155.47    6.10    6.10    0.00000    90.00  LINEAR    3.96258E-07    88.76    4.74878E+01   107.52
   60.00     0.00    -156.66    6.46    6.46    0.00000   -90.00  LINEAR    3.45428E-07   -14.87    4.94896E+01   110.38
   65.00     0.00    -158.12    6.76    6.76    0.00000    90.00  LINEAR    2.91968E-07    69.01    5.12240E+01   112.79
   70.00     0.00    -159.96    7.00    7.00    0.00000   -90.00  LINEAR    2.36286E-07   -44.35    5.26700E+01   114.76
   75.00     0.00    -162.38    7.19    7.19    0.00000   -90.00  LINEAR    1.78806E-07     9.25    5.38107E+01   116.29
   80.00     0.00    -165.85    7.32    7.32    0.00000   -90.00  LINEAR    1.19966E-07  -102.65    5.46340E+01   117.38
   85.00     0.00    -171.84    7.40    7.40    0.00000   -90.00  LINEAR    6.02120E-08    25.22    5.51313E+01   118.03
   90.00     0.00    -999.99    7.42    7.42    0.00000   -90.00  LINEAR    3.52572E-18   -90.00    5.52976E+01   118.25
   95.00     0.00    -171.84    7.40    7.40    0.00000   -90.00  LINEAR    6.02120E-08   -25.22    5.51313E+01   118.03
  100.00     0.00    -165.85    7.32    7.32    0.00000    90.00  LINEAR    1.19966E-07   102.65    5.46340E+01   117.38
  105.00     0.00    -162.38    7.19    7.19    0.00000   -90.00  LINEAR    1.78806E-07    -9.25    5.38107E+01   116.29
  110.00     0.00    -159.96    7.00    7.00    0.00000    90.00  LINEAR    2.36286E-07    44.35    5.26700E+01   114.76
  115.00     0.00    -158.12    6.76    6.76    0.00000   -90.00  LINEAR    2.91968E-07   -69.01    5.12240E+01   112.79
  120.00     0.00    -156.66    6.46    6.46    0.00000   -90.00  LINEAR    3.45428E-07    14.87    4.94896E+01   110.38
  125.00     0.00    -155.47    6.10    6.10    0.00000   -90.00  LINEAR    3.96258E-07   -88.76    4.74878E+01   107.52
  130.00     0.00    -154.48    5.68    5.68    0.00000   -90.00  LINEAR    4.44073E-07   -78.80    4.52450E+01   104.21
  135.00     0.00    -153.65    5.20    5.20    0.00000   -90.00  LINEAR    4.88508E-07   -53.38    4.27928E+01   100.42
  140.00     0.00    -152.96    4.65    4.65    0.00000   -90.00  LINEAR    5.29226E-07  -154.61    4.01683E+01    96.15
  145.00     0.00    -152.37    4.03    4.03    0.00000    90.00  LINEAR    5.65916E-07   147.07    3.74144E+01    91.37
  150.00     0.00    -151.89    3.35    3.35    0.00000   -90.00  LINEAR    5.98298E-07  -111.16    3.45794E+01    86.04
  155.00     0.00    -151.50    2.60    2.60    0.00000   -90.00  LINEAR    6.26128E-07  -148.15    3.17168E+01    80.11
  160.00     0.00    -151.18    1.78    1.78    0.00000    90.00  LINEAR    6.49192E-07    38.04    2.88848E+01    73.52
  165.00     0.00    -150.94    0.92    0.92    0.00000    90.00  LINEAR    6.67315E-07    27.37    2.61453E+01    66.20
  170.00     0.00    -150.77    0.02    0.02    0.00000    90.00  LINEAR    6.80360E-07    55.55    2.35629E+01    58.07
  175.00     0.00    -150.67   -0.90   -0.90    0.00000   -90.00  LINEAR    6.88227E-07   -67.77    2.12022E+01    49.06
  180.00     0.00    -150.64   -1.80   -1.80    0.00000    90.00  LINEAR    6.90856E-07   119.73    1.91245E+01    39.14




                                 - - - - - - FREQUENCY - - - - - -

                                    FREQUENCY= 1.0030E+02 MHZ
                                    WAVELENGTH= 2.9890E+00 METERS




                    APPROXIMATE INTEGRATION EMPLOYED FOR SEGMENTS MORE THAN   1.000 WAVELENGTHS APART

                    THE EXTENDED THIN WIRE KERNEL WILL BE USED



                               - - - STRUCTURE IMPEDANCE LOADING - - -

                                   THIS STRUCTURE IS NOT LOADED



                                  - - - ANTENNA ENVIRONMENT - - -

                                            FREE SPACE



                                - - - MATRIX TIMING - - -

                        FILL=    0.000 SEC.,  FACTOR=    0.000 SEC.



                                            - - - NETWORK DATA - - -

      - FROM -    - TO -                          -  -  ADMITTANCE MATRIX ELEMENTS (MHOS)  -  -
      TAG  SEG.   TAG  SEG.             (ONE,ONE)                   (ONE,TWO)                   (TWO,TWO)
      NO.   NO.   NO.   NO.        REAL          IMAG.         REAL          IMAG.         REAL          IMAG.
     9901    28     3    14     0.0000E+00    0.0000E+00    0.0000E+00    1.0000E+00    0.0000E+00    0.0000E+00           



                           - - - STRUCTURE EXCITATION DATA AT NETWORK CONNECTION POINTS - - -

   TAG   SEG.    VOLTAGE (VOLTS)         CURRENT (AMPS)         IMPEDANCE (OHMS)        ADMITTANCE (MHOS)      POWER
   NO.   NO.    REAL        IMAG.       REAL        IMAG.       REAL        IMAG.       REAL        IMAG.     (WATTS)
     3    14 1.70015E+01-1.64382E+01 1.00000E+00 2.48887E-16 1.70015E+01-1.64382E+01 3.03997E-02 2.93924E-02 8.50077E+00
  9901    28 0.00000E+00 1.00000E+00-5.26767E-06 1.61861E-14 5.83318E-04-1.89837E+05 1.61861E-14 5.26767E-06 8.09304E-15



                                          - - - ANTENNA INPUT PARAMETERS - - -

   TAG   SEG.    VOLTAGE (VOLTS)         CURRENT (AMPS)         IMPEDANCE (OHMS)        ADMITTANCE (MHOS)      POWER
   NO.   NO.    REAL        IMAG.       REAL        IMAG.       REAL        IMAG.       REAL        IMAG.     (WATTS)
  9901    28 0.00000E+00 1.00000E+00 1.64382E+01 1.70015E+01 3.03997E-02 2.93924E-02 1.70015E+01-1.64382E+01 8.50077E+00



                             - - - CURRENTS AND LOCATION - - -

                                 DISTANCES IN WAVELENGTHS


  SEG.  TAG    COORD. OF SEG. CENTER     SEG.            - - - CURRENT (AMPS) - - -
  NO.   NO.     X        Y        Z      LENGTH     REAL        IMAG.       MAG.        PHASE
     1    1   0.0000   0.2088   0.0000  0.05219  -7.4157E-02  6.3118E-02  9.7381E-02  139.598
     2    1   0.0000   0.1566   0.0000  0.05219  -1.7330E-01  1.3938E-01  2.2240E-01  141.192
     3    1   0.0000   0.1044   0.0000  0.05219  -2.5221E-01  1.9503E-01  3.1882E-01  142.285
     4    1   0.0000   0.0522   0.0000  0.05219  -3.0448E-01  2.3016E-01  3.8168E-01  142.914
     5    1   0.0000   0.0000   0.0000  0.05219  -3.2278E-01  2.4213E-01  4.0350E-01  143.125
     6    1   0.0000  -0.0522   0.0000  0.05219  -3.0448E-01  2.3016E-01  3.8168E-01  142.914
     7    1   0.0000  -0.1044   0.0000  0.05219  -2.5221E-01  1.9503E-01  3.1882E-01  142.285
     8    1   0.0000  -0.1566   0.0000  0.05219  -1.7330E-01  1.3938E-01  2.2240E-01  141.192
     9    1   0.0000  -0.2088   0.0000  0.05219  -7.4157E-02  6.3118E-02  9.7381E-02  139.598
    10    3   0.1151   0.1995   0.0000  0.04987   2.5038E-01 -1.7600E-02  2.5100E-01   -4.021
    11    3   0.1151   0.1496   0.0000  0.04987   5.5351E-01 -2.9055E-02  5.5428E-01   -3.005
    12    3   0.1151   0.0997   0.0000  0.04987   7.8098E-01 -2.8043E-02  7.8148E-01   -2.056
    13    3   0.1151   0.0499   0.0000  0.04987   9.3427E-01 -1.7373E-02  9.3444E-01   -1.065
    14    3   0.1151   0.0000   0.0000  0.04987   1.0000E+00  2.4889E-16  1.0000E+00    0.000
    15    3   0.1151  -0.0499   0.0000  0.04987   9.3427E-01 -1.7373E-02  9.3444E-01   -1.065
    16    3   0.1151  -0.0997   0.0000  0.04987   7.8098E-01 -2.8043E-02  7.8148E-01   -2.056
    17    3   0.1151  -0.1496   0.0000  0.04987   5.5351E-01 -2.9055E-02  5.5428E-01   -3.005
    18    3   0.1151  -0.1995   0.0000  0.04987   2.5038E-01 -1.7600E-02  2.5100E-01   -4.021
    19    5   0.2303   0.1856   0.0000  0.04639  -1.3518E-01 -1.4880E-01  2.0103E-01 -132.255
    20    5   0.2303   0.1392   0.0000  0.04639  -2.9394E-01 -3.1495E-01  4.3081E-01 -133.025
    21    5   0.2303   0.0928   0.0000  0.04639  -4.0973E-01 -4.3127E-01  5.9487E-01 -133.533
    22    5   0.2303   0.0464   0.0000  0.04639  -4.8328E-01 -5.0381E-01  6.9813E-01 -133.808
    23    5   0.2303   0.0000   0.0000  0.04639  -5.0853E-01 -5.2853E-01  7.3345E-01 -133.895
    24    5   0.2303  -0.0464   0.0000  0.04639  -4.8328E-01 -5.0381E-01  6.9813E-01 -133.808
    25    5   0.2303  -0.0928   0.0000  0.04639  -4.0973E-01 -4.3127E-01  5.9487E-01 -133.533
    26    5   0.2303  -0.1392   0.0000  0.04639  -2.9394E-01 -3.1495E-01  4.3081E-01 -133.025
    27    5   0.2303  -0.1856   0.0000  0.04639  -1.3518E-01 -1.4880E-01  2.0103E-01 -132.255
    28 9901   0.0000   0.00003312.4428  0.00104  -5.2677E-06  1.6186E-14  5.2677E-06  180.000



                                        - - - POWER BUDGET - - -

                                           INPUT POWER   = 8.5008E+00 WATTS
                                           RADIATED POWER= 8.5008E+00 WATTS
                                           STRUCTURE LOSS= 0.0000E+00 WATTS
                                           NETWORK LOSS  = 1.7764E-15 WATTS
                                           EFFICIENCY    = 100.00 PERCENT



                                                - - - RADIATION PATTERNS - - -

  - - ANGLES - -           - POWER GAINS -       - - - POLARIZATION - - -    - - - E(THETA) - - -    - - - E(PHI) - - -
  THETA     PHI        VERT.   HOR.    TOTAL      AXIAL     TILT   SENSE     MAGNITUDE    PHASE      MAGNITUDE    PHASE 
 DEGREES  DEGREES       DB      DB      DB        RATIO     DEG.              VOLTS/M    DEGREES      VOLTS/M    DEGREES
 -180.00     0.00    -150.11   -1.55   -1.55    0.00000    90.00  LINEAR    7.04840E-07   110.61    1.88777E+01    32.40
 -175.00     0.00    -150.14   -2.42   -2.42    0.00000    90.00  LINEAR    7.02158E-07   -31.65    1.70926E+01    22.29
 -170.00     0.00    -150.24   -3.21   -3.21    0.00000   -90.00  LINEAR    6.94132E-07  -132.95    1.55960E+01    11.62
 -165.00     0.00    -150.41   -3.91   -3.91    0.00000    90.00  LINEAR    6.80823E-07    63.36    1.43893E+01     0.61
 -160.00     0.00    -150.65   -4.50   -4.50    0.00000    90.00  LINEAR    6.62333E-07    25.91    1.34528E+01   -10.45
 -155.00     0.00    -150.97   -4.96   -4.96    0.00000   -90.00  LINEAR    6.38802E-07  -123.36    1.27482E+01   -21.24
 -150.00     0.00    -151.36   -5.33   -5.33    0.00000    90.00  LINEAR    6.10409E-07    32.55    1.22255E+01   -31.48
 -145.00     0.00    -151.84   -5.61   -5.61    0.00000   -90.00  LINEAR    5.77371E-07   128.07    1.18322E+01   -40.93
 -140.00     0.00    -152.43   -5.84   -5.84    0.00000   -90.00  LINEAR    5.39939E-07    97.79    1.15215E+01   -49.50
 -135.00     0.00    -153.12   -6.04   -6.04    0.00000   -90.00  LINEAR    4.98397E-07   179.73    1.12575E+01   -57.12
 -130.00     0.00    -153.95   -6.23   -6.23    0.00000   -90.00  LINEAR    4.53062E-07  -160.98    1.10169E+01   -63.81
 -125.00     0.00    -154.94   -6.41   -6.41    0.00000    90.00  LINEAR    4.04279E-07   -68.08    1.07876E+01   -69.60
 -120.00     0.00    -156.13   -6.59   -6.59    0.00000   -90.00  LINEAR    3.52420E-07  -169.70    1.05670E+01   -74.54
 -115.00     0.00    -157.59   -6.77   -6.77    0.00000    90.00  LINEAR    2.97878E-07   -53.57    1.03586E+01   -78.66
 -110.00     0.00    -159.43   -6.93   -6.93    0.00000    90.00  LINEAR    2.41069E-07   -61.97    1.01702E+01   -81.99
 -105.00     0.00    -161.85   -7.06   -7.06    0.00000   -90.00  LINEAR    1.82426E-07   153.62    1.00108E+01   -84.57
 -100.00     0.00    -165.32   -7.17   -7.17    0.00000    90.00  LINEAR    1.22394E-07  -161.87    9.88936E+00   -86.40
  -95.00     0.00    -171.31   -7.24   -7.24    0.00000   -90.00  LINEAR    6.14308E-08    18.57    9.81333E+00   -87.49
  -90.00     0.00    -999.99   -7.26   -7.26    0.00000    90.00  LINEAR    3.59709E-18   -90.00    9.78743E+00   -87.86
  -85.00     0.00    -171.31   -7.24   -7.24    0.00000    90.00  LINEAR    6.14308E-08   -18.57    9.81333E+00   -87.49
  -80.00     0.00    -165.32   -7.17   -7.17    0.00000   -90.00  LINEAR    1.22394E-07   161.87    9.88936E+00   -86.40
  -75.00     0.00    -161.85   -7.06   -7.06    0.00000    90.00  LINEAR    1.82426E-07  -153.62    1.00108E+01   -84.57
  -70.00     0.00    -159.43   -6.93   -6.93    0.00000   -90.00  LINEAR    2.41069E-07    61.97    1.01702E+01   -81.99
  -65.00     0.00    -157.59   -6.77   -6.77    0.00000   -90.00  LINEAR    2.97878E-07    53.57    1.03586E+01   -78.66
  -60.00     0.00    -156.13   -6.59   -6.59    0.00000   -90.00  LINEAR    3.52420E-07   169.70    1.05670E+01   -74.54
  -55.00     0.00    -154.94   -6.41   -6.41    0.00000   -90.00  LINEAR    4.04279E-07    68.08    1.07876E+01   -69.60
  -50.00     0.00    -153.95   -6.23   -6.23    0.00000   -90.00  LINEAR    4.53062E-07   160.98    1.10169E+01   -63.81
  -45.00     0.00    -153.12   -6.04   -6.04    0.00000   -90.00  LINEAR    4.98397E-07  -179.73    1.12575E+01   -57.12
  -40.00     0.00    -152.43   -5.84   -5.84    0.00000    90.00  LINEAR    5.39939E-07   -97.79    1.15215E+01   -49.50
  -35.00     0.00    -151.84   -5.61   -5.61    0.00000    90.00  LINEAR    5.77371E-07  -128.07    1.18322E+01   -40.93
  -30.00     0.00    -151.36   -5.33   -5.33    0.00000    90.00  LINEAR    6.10409E-07   -32.55    1.22255E+01   -31.48
  -25.00     0.00    -150.97   -4.96   -4.96    0.00000   -90.00  LINEAR    6.38802E-07   123.36    1.27482E+01   -21.24
  -20.00     0.00    -150.65   -4.50   -4.50    0.00000    90.00  LINEAR    6.62333E-07   -25.91    1.34528E+01   -10.45
  -15.00     0.00    -150.41   -3.91   -3.91    0.00000    90.00  LINEAR    6.80823E-07   -63.36    1.43893E+01     0.61
  -10.00     0.00    -150.24   -3.21   -3.21    0.00000   -90.00  LINEAR    6.94132E-07   132.95    1.55960E+01    11.62
   -5.00     0.00    -150.14   -2.42   -2.42    0.00000    90.00  LINEAR    7.02158E-07    31.65    1.70926E+01    22.29
    0.00     0.00    -150.11   -1.55   -1.55    0.00000   -90.00  LINEAR    7.04840E-07  -110.61    1.88777E+01    32.40
    5.00     0.00    -150.14   -0.66   -0.66    0.00000    90.00  LINEAR    7.02158E-07    31.65    2.09308E+01    41.83
   10.00     0.00    -150.24    0.24    0.24    0.00000    90.00  LINEAR    6.94132E-07   132.95    2.32167E+01    50.52
   15.00     0.00    -150.41    1.12    1.12    0.00000   -90.00  LINEAR    6.80823E-07   -63.36    2.56904E+01    58.48
   20.00     0.00    -150.65    1.96    1.96    0.00000   -90.00  LINEAR    6.62333E-07   -25.91    2.83009E+01    65.76
   25.00     0.00    -150.97    2.75    2.75    0.00000    90.00  LINEAR    6.38802E-07   123.36    3.09946E+01    72.39
   30.00     0.00    -151.36    3.48    3.48    0.00000   -90.00  LINEAR    6.10409E-07   -32.55    3.37178E+01    78.41
   35.00     0.00    -151.84    4.15    4.15    0.00000   -90.00  LINEAR    5.77371E-07  -128.07    3.64182E+01    83.87
   40.00     0.00    -152.43    4.76    4.76    0.00000   -90.00  LINEAR    5.39939E-07   -97.79    3.90461E+01    88.80
   45.00     0.00    -153.12    5.30    5.30    0.00000    90.00  LINEAR    4.98397E-07  -179.73    4.15558E+01    93.22
   50.00     0.00    -153.95    5.78    5.78    0.00000    90.00  LINEAR    4.53062E-07   160.98    4.39058E+01    97.15
   55.00     0.00    -154.94    6.19    6.19    0.00000    90.00  LINEAR    4.04279E-07    68.08    4.60595E+01   100.60
   60.00     0.00    -156.13    6.55    6.55    0.00000    90.00  LINEAR    3.52420E-07   169.70    4.79855E+01   103.59
   65.00     0.00    -157.59    6.85    6.85    0.00000    90.00  LINEAR    2.97878E-07    53.57    4.96572E+01   106.11
   70.00     0.00    -159.43    7.09    7.09    0.00000    90.00  LINEAR    2.41069E-07    61.97    5.10528E+01   108.17
   75.00     0.00    -161.85    7.27    7.27    0.00000   -90.00  LINEAR    1.82426E-07  -153.62    5.21553E+01   109.77
   80.00     0.00    -165.32    7.40    7.40    0.00000    90.00  LINEAR    1.22394E-07   161.87    5.29517E+01   110.91
   85.00     0.00    -171.31    7.48    7.48    0.00000   -90.00  LINEAR    6.14308E-08   -18.57    5.34330E+01   111.60
   90.00     0.00    -999.99    7.51    7.51    0.00000   -90.00  LINEAR    3.59709E-18   -90.00    5.35940E+01   111.83
   95.00     0.00    -171.31    7.48    7.48    0.00000   -90.00  LINEAR    6.14308E-08    18.57    5.34330E+01   111.60
  100.00     0.00    -165.32    7.40    7.40    0.00000    90.00  LINEAR    1.22394E-07  -161.87    5.29517E+01   110.91
  105.00     0.00    -161.85    7.27    7.27    0.00000    90.00  LINEAR    1.82426E-07   153.62    5.21553E+01   109.77
  110.00     0.00    -159.43    7.09    7.09    0.00000   -90.00  LINEAR    2.41069E-07   -61.97    5.10528E+01   108.17
  115.00     0.00    -157.59    6.85    6.85    0.00000   -90.00  LINEAR    2.97878E-07   -53.57    4.96572E+01   106.11
  120.00     0.00    -156.13    6.55    6.55    0.00000    90.00  LINEAR    3.52420E-07  -169.70    4.79855E+01   103.59
  125.00     0.00    -154.94    6.19    6.19    0.00000   -90.00  LINEAR    4.04279E-07   -68.08    4.60595E+01   100.60
  130.00     0.00    -153.95    5.78    5.78    0.00000   -90.00  LINEAR    4.53062E-07  -160.98    4.39058E+01    97.15
  135.00     0.00    -153.12    5.30    5.30    0.00000    90.00  LINEAR    4.98397E-07   179.73    4.15558E+01    93.22
  140.00     0.00    -152.43    4.76    4.76    0.00000    90.00  LINEAR    5.39939E-07    97.79    3.90461E+01    88.80
  145.00     0.00    -151.84    4.15    4.15    0.00000    90.00  LINEAR    5.77371E-07   128.07    3.64182E+01    83.87
  150.00     0.00    -151.36    3.48    3.48    0.00000    90.00  LINEAR    6.10409E-07    32.55    3.37178E+01    78.41
  155.00     0.00    -150.97    2.75    2.75    0.00000   -90.00  LINEAR    6.38802E-07  -123.36    3.09946E+01    72.39
  160.00     0.00    -150.65    1.96    1.96    0.00000    90.00  LINEAR    6.62333E-07    25.91    2.83009E+01    65.76
  165.00     0.00    -150.41    1.12    1.12    0.00000    90.00  LINEAR    6.80823E-07    63.36    2.56904E+01    58.48
  170.00     0.00    -150.24    0.24    0.24    0.00000   -90.00  LINEAR    6.94132E-07  -132.95    2.32167E+01    50.52
  175.00     0.00    -150.14   -0.66   -0.66    0.00000    90.00  LINEAR    7.02158E-07   -31.65    2.09308E+01    41.83
  180.00     0.00    -150.11   -1.55   -1.55    0.00000    90.00  LINEAR    7.04840E-07   110.61    1.88777E+01    32.40




                                 - - - - - - FREQUENCY - - - - - -

                                    FREQUENCY= 1.0130E+02 MHZ
                                    WAVELENGTH= 2.9595E+00 METERS




                    APPROXIMATE INTEGRATION EMPLOYED FOR SEGMENTS MORE THAN   1.000 WAVELENGTHS APART

                    THE EXTENDED THIN WIRE KERNEL WILL BE USED



                               - - - STRUCTURE IMPEDANCE LOADING - - -

                                   THIS STRUCTURE IS NOT LOADED



                                  - - - ANTENNA ENVIRONMENT - - -

                                            FREE SPACE



                                - - - MATRIX TIMING - - -

                        FILL=    0.000 SEC.,  FACTOR=    0.000 SEC.



                                            - - - NETWORK DATA - - -

      - FROM -    - TO -                          -  -  ADMITTANCE MATRIX ELEMENTS (MHOS)  -  -
      TAG  SEG.   TAG  SEG.             (ONE,ONE)                   (ONE,TWO)                   (TWO,TWO)
      NO.   NO.   NO.   NO.        REAL          IMAG.         REAL          IMAG.         REAL          IMAG.
     9901    28     3    14     0.0000E+00    0.0000E+00    0.0000E+00    1.0000E+00    0.0000E+00    0.0000E+00           



                           - - - STRUCTURE EXCITATION DATA AT NETWORK CONNECTION POINTS - - -

   TAG   SEG.    VOLTAGE (VOLTS)         CURRENT (AMPS)         IMPEDANCE (OHMS)        ADMITTANCE (MHOS)      POWER
   NO.   NO.    REAL        IMAG.       REAL        IMAG.       REAL        IMAG.       REAL        IMAG.     (WATTS)
     3    14 1.50672E+01-1.17772E+01 1.00000E+00-2.46430E-16 1.50672E+01-1.17772E+01 4.11985E-02 3.22026E-02 7.53359E+00
  9901    28 0.00000E+00 1.00000E+00-5.32019E-06 1.68413E-14 5.95007E-04-1.87963E+05 1.68413E-14 5.32019E-06 8.42066E-15



                                          - - - ANTENNA INPUT PARAMETERS - - -

   TAG   SEG.    VOLTAGE (VOLTS)         CURRENT (AMPS)         IMPEDANCE (OHMS)        ADMITTANCE (MHOS)      POWER
   NO.   NO.    REAL        IMAG.       REAL        IMAG.       REAL        IMAG.       REAL        IMAG.     (WATTS)
  9901    28 0.00000E+00 1.00000E+00 1.17772E+01 1.50672E+01 4.11985E-02 3.22026E-02 1.50672E+01-1.17772E+01 7.53359E+00



                             - - - CURRENTS AND LOCATION - - -

                                 DISTANCES IN WAVELENGTHS


  SEG.  TAG    COORD. OF SEG. CENTER     SEG.            - - - CURRENT (AMPS) - - -
  NO.   NO.     X        Y        Z      LENGTH     REAL        IMAG.       MAG.        PHASE
     1    1   0.0000   0.2108   0.0000  0.05271  -6.8852E-02  5.0809E-02  8.5569E-02  143.575
     2    1   0.0000   0.1581   0.0000  0.05271  -1.6175E-01  1.1258E-01  1.9707E-01  145.161
     3    1   0.0000   0.1054   0.0000  0.05271  -2.3609E-01  1.5788E-01  2.8402E-01  146.228
     4    1   0.0000   0.0527   0.0000  0.05271  -2.8540E-01  1.8653E-01  3.4095E-01  146.833
     5    1   0.0000   0.0000   0.0000  0.05271  -3.0266E-01  1.9629E-01  3.6074E-01  147.035
     6    1   0.0000  -0.0527   0.0000  0.05271  -2.8540E-01  1.8653E-01  3.4095E-01  146.833
     7    1   0.0000  -0.1054   0.0000  0.05271  -2.3609E-01  1.5788E-01  2.8402E-01  146.228
     8    1   0.0000  -0.1581   0.0000  0.05271  -1.6175E-01  1.1258E-01  1.9707E-01  145.161
     9    1   0.0000  -0.2108   0.0000  0.05271  -6.8852E-02  5.0809E-02  8.5569E-02  143.575
    10    3   0.1163   0.2015   0.0000  0.05037   2.5216E-01 -1.6089E-02  2.5267E-01   -3.651
    11    3   0.1163   0.1511   0.0000  0.05037   5.5771E-01 -2.6416E-02  5.5834E-01   -2.712
    12    3   0.1163   0.1007   0.0000  0.05037   7.8633E-01 -2.5350E-02  7.8674E-01   -1.846
    13    3   0.1163   0.0504   0.0000  0.05037   9.3830E-01 -1.5624E-02  9.3843E-01   -0.954
    14    3   0.1163   0.0000   0.0000  0.05037   1.0000E+00 -2.4643E-16  1.0000E+00    0.000
    15    3   0.1163  -0.0504   0.0000  0.05037   9.3830E-01 -1.5624E-02  9.3843E-01   -0.954
    16    3   0.1163  -0.1007   0.0000  0.05037   7.8633E-01 -2.5350E-02  7.8674E-01   -1.846
    17    3   0.1163  -0.1511   0.0000  0.05037   5.5771E-01 -2.6416E-02  5.5834E-01   -2.712
    18    3   0.1163  -0.2015   0.0000  0.05037   2.5216E-01 -1.6089E-02  2.5267E-01   -3.651
    19    5   0.2326   0.1874   0.0000  0.04685  -1.5537E-01 -1.3585E-01  2.0638E-01 -138.834
    20    5   0.2326   0.1406   0.0000  0.04685  -3.3702E-01 -2.8787E-01  4.4323E-01 -139.498
    21    5   0.2326   0.0937   0.0000  0.04685  -4.6898E-01 -3.9450E-01  6.1284E-01 -139.930
    22    5   0.2326   0.0469   0.0000  0.04685  -5.5259E-01 -4.6106E-01  7.1968E-01 -140.160
    23    5   0.2326   0.0000   0.0000  0.04685  -5.8125E-01 -4.8375E-01  7.5622E-01 -140.231
    24    5   0.2326  -0.0469   0.0000  0.04685  -5.5259E-01 -4.6106E-01  7.1968E-01 -140.160
    25    5   0.2326  -0.0937   0.0000  0.04685  -4.6898E-01 -3.9450E-01  6.1284E-01 -139.930
    26    5   0.2326  -0.1406   0.0000  0.04685  -3.3702E-01 -2.8787E-01  4.4323E-01 -139.498
    27    5   0.2326  -0.1874   0.0000  0.04685  -1.5537E-01 -1.3585E-01  2.0638E-01 -138.834
    28 9901   0.0000   0.00003345.4681  0.00105  -5.3202E-06  1.6841E-14  5.3202E-06  180.000



                                        - - - POWER BUDGET - - -

                                           INPUT POWER   = 7.5336E+00 WATTS
                                           RADIATED POWER= 7.5336E+00 WATTS
                                           STRUCTURE LOSS= 0.0000E+00 WATTS
                                           NETWORK LOSS  =-8.8818E-16 WATTS
                                           EFFICIENCY    = 100.00 PERCENT



                                                - - - RADIATION PATTERNS - - -

  - - ANGLES - -           - POWER GAINS -       - - - POLARIZATION - - -    - - - E(THETA) - - -    - - - E(PHI) - - -
  THETA     PHI        VERT.   HOR.    TOTAL      AXIAL     TILT   SENSE     MAGNITUDE    PHASE      MAGNITUDE    PHASE 
 DEGREES  DEGREES       DB      DB      DB        RATIO     DEG.              VOLTS/M    DEGREES      VOLTS/M    DEGREES
 -180.00     0.00    -149.41   -1.44   -1.44    0.00000    90.00  LINEAR    7.18965E-07   101.48    1.80098E+01    25.42
 -175.00     0.00    -149.45   -2.32   -2.32    0.00000    90.00  LINEAR    7.16229E-07     4.46    1.62709E+01    15.64
 -170.00     0.00    -149.55   -3.17   -3.17    0.00000    90.00  LINEAR    7.08042E-07    38.54    1.47616E+01     5.42
 -165.00     0.00    -149.72   -3.96   -3.96    0.00000   -90.00  LINEAR    6.94467E-07    99.34    1.34771E+01    -5.07
 -160.00     0.00    -149.95   -4.68   -4.68    0.00000    90.00  LINEAR    6.75606E-07    13.79    1.23985E+01   -15.62
 -155.00     0.00    -150.27   -5.34   -5.34    0.00000    90.00  LINEAR    6.51604E-07   -98.57    1.14963E+01   -26.02
 -150.00     0.00    -150.66   -5.93   -5.93    0.00000   -90.00  LINEAR    6.22642E-07   176.26    1.07351E+01   -36.05
 -145.00     0.00    -151.15   -6.48   -6.48    0.00000   -90.00  LINEAR    5.88941E-07   109.06    1.00798E+01   -45.55
 -140.00     0.00    -151.73   -6.99   -6.99    0.00000    90.00  LINEAR    5.50759E-07    -9.81    9.50017E+00   -54.42
 -135.00     0.00    -152.42   -7.49   -7.49    0.00000   -90.00  LINEAR    5.08385E-07    52.85    8.97407E+00   -62.59
 -130.00     0.00    -153.25   -7.97   -7.97    0.00000   -90.00  LINEAR    4.62142E-07   116.84    8.48844E+00   -70.03
 -125.00     0.00    -154.24   -8.45   -8.45    0.00000    90.00  LINEAR    4.12381E-07   -47.40    8.03846E+00   -76.74
 -120.00     0.00    -155.43   -8.90   -8.90    0.00000    90.00  LINEAR    3.59482E-07     5.74    7.62584E+00   -82.70
 -115.00     0.00    -156.90   -9.33   -9.33    0.00000    90.00  LINEAR    3.03847E-07   -38.13    7.25660E+00   -87.89
 -110.00     0.00    -158.73   -9.72   -9.72    0.00000    90.00  LINEAR    2.45900E-07  -168.29    6.93895E+00   -92.27
 -105.00     0.00    -161.15  -10.05  -10.05    0.00000    90.00  LINEAR    1.86082E-07   -43.51    6.68146E+00   -95.79
 -100.00     0.00    -164.62  -10.30  -10.30    0.00000    90.00  LINEAR    1.24847E-07   -66.40    6.49174E+00   -98.37
  -95.00     0.00    -170.61  -10.46  -10.46    0.00000   -90.00  LINEAR    6.26619E-08    62.37    6.37554E+00   -99.95
  -90.00     0.00    -999.99  -10.51  -10.51    0.00000    90.00  LINEAR    3.66917E-18   -90.00    6.33642E+00  -100.49
  -85.00     0.00    -170.61  -10.46  -10.46    0.00000    90.00  LINEAR    6.26619E-08   -62.37    6.37554E+00   -99.95
  -80.00     0.00    -164.62  -10.30  -10.30    0.00000   -90.00  LINEAR    1.24847E-07    66.40    6.49174E+00   -98.37
  -75.00     0.00    -161.15  -10.05  -10.05    0.00000   -90.00  LINEAR    1.86082E-07    43.51    6.68146E+00   -95.79
  -70.00     0.00    -158.73   -9.72   -9.72    0.00000   -90.00  LINEAR    2.45900E-07   168.29    6.93895E+00   -92.27
  -65.00     0.00    -156.90   -9.33   -9.33    0.00000   -90.00  LINEAR    3.03847E-07    38.13    7.25660E+00   -87.89
  -60.00     0.00    -155.43   -8.90   -8.90    0.00000    90.00  LINEAR    3.59482E-07    -5.74    7.62584E+00   -82.70
  -55.00     0.00    -154.24   -8.45   -8.45    0.00000   -90.00  LINEAR    4.12381E-07    47.40    8.03846E+00   -76.74
  -50.00     0.00    -153.25   -7.97   -7.97    0.00000    90.00  LINEAR    4.62142E-07  -116.84    8.48844E+00   -70.03
  -45.00     0.00    -152.42   -7.49   -7.49    0.00000    90.00  LINEAR    5.08385E-07   -52.85    8.97407E+00   -62.59
  -40.00     0.00    -151.73   -6.99   -6.99    0.00000    90.00  LINEAR    5.50759E-07     9.81    9.50017E+00   -54.42
  -35.00     0.00    -151.15   -6.48   -6.48    0.00000    90.00  LINEAR    5.88941E-07  -109.06    1.00798E+01   -45.55
  -30.00     0.00    -150.66   -5.93   -5.93    0.00000   -90.00  LINEAR    6.22642E-07  -176.26    1.07351E+01   -36.05
  -25.00     0.00    -150.27   -5.34   -5.34    0.00000   -90.00  LINEAR    6.51604E-07    98.57    1.14963E+01   -26.02
  -20.00     0.00    -149.95   -4.68   -4.68    0.00000    90.00  LINEAR    6.75606E-07   -13.79    1.23985E+01   -15.62
  -15.00     0.00    -149.72   -3.96   -3.96    0.00000   -90.00  LINEAR    6.94467E-07   -99.34    1.34771E+01    -5.07
  -10.00     0.00    -149.55   -3.17   -3.17    0.00000    90.00  LINEAR    7.08042E-07   -38.54    1.47616E+01     5.42
   -5.00     0.00    -149.45   -2.32   -2.32    0.00000    90.00  LINEAR    7.16229E-07    -4.46    1.62709E+01    15.64
    0.00     0.00    -149.41   -1.44   -1.44    0.00000   -90.00  LINEAR    7.18965E-07  -101.48    1.80098E+01    25.42
    5.00     0.00    -149.45   -0.54   -0.54    0.00000    90.00  LINEAR    7.16229E-07    -4.46    1.99692E+01    34.66
   10.00     0.00    -149.55    0.35    0.35    0.00000    90.00  LINEAR    7.08042E-07   -38.54    2.21270E+01    43.30
   15.00     0.00    -149.72    1.22    1.22    0.00000   -90.00  LINEAR    6.94467E-07   -99.34    2.44506E+01    51.31
   20.00     0.00    -149.95    2.05    2.05    0.00000    90.00  LINEAR    6.75606E-07   -13.79    2.69001E+01    58.71
   25.00     0.00    -150.27    2.83    2.83    0.00000    90.00  LINEAR    6.51604E-07    98.57    2.94309E+01    65.50
   30.00     0.00    -150.66    3.55    3.55    0.00000   -90.00  LINEAR    6.22642E-07  -176.26    3.19958E+01    71.72
   35.00     0.00    -151.15    4.22    4.22    0.00000   -90.00  LINEAR    5.88941E-07  -109.06    3.45470E+01    77.39
   40.00     0.00    -151.73    4.82    4.82    0.00000    90.00  LINEAR    5.50759E-07     9.81    3.70383E+01    82.52
   45.00     0.00    -152.42    5.37    5.37    0.00000   -90.00  LINEAR    5.08385E-07   -52.85    3.94255E+01    87.13
   50.00     0.00    -153.25    5.85    5.85    0.00000   -90.00  LINEAR    4.62142E-07  -116.84    4.16681E+01    91.24
   55.00     0.00    -154.24    6.27    6.27    0.00000    90.00  LINEAR    4.12381E-07    47.40    4.37298E+01    94.86
   60.00     0.00    -155.43    6.63    6.63    0.00000   -90.00  LINEAR    3.59482E-07    -5.74    4.55784E+01    97.99
   65.00     0.00    -156.90    6.93    6.93    0.00000    90.00  LINEAR    3.03847E-07    38.13    4.71868E+01   100.64
   70.00     0.00    -158.73    7.17    7.17    0.00000    90.00  LINEAR    2.45900E-07   168.29    4.85323E+01   102.80
   75.00     0.00    -161.15    7.36    7.36    0.00000    90.00  LINEAR    1.86082E-07    43.51    4.95969E+01   104.48
   80.00     0.00    -164.62    7.49    7.49    0.00000    90.00  LINEAR    1.24847E-07    66.40    5.03669E+01   105.68
   85.00     0.00    -170.61    7.57    7.57    0.00000   -90.00  LINEAR    6.26619E-08   -62.37    5.08326E+01   106.41
   90.00     0.00    -999.99    7.60    7.60    0.00000   -90.00  LINEAR    3.66917E-18   -90.00    5.09885E+01   106.65
   95.00     0.00    -170.61    7.57    7.57    0.00000    90.00  LINEAR    6.26619E-08    62.37    5.08326E+01   106.41
  100.00     0.00    -164.62    7.49    7.49    0.00000   -90.00  LINEAR    1.24847E-07   -66.40    5.03669E+01   105.68
  105.00     0.00    -161.15    7.36    7.36    0.00000   -90.00  LINEAR    1.86082E-07   -43.51    4.95969E+01   104.48
  110.00     0.00    -158.73    7.17    7.17    0.00000    90.00  LINEAR    2.45900E-07  -168.29    4.85323E+01   102.80
  115.00     0.00    -156.90    6.93    6.93    0.00000   -90.00  LINEAR    3.03847E-07   -38.13    4.71868E+01   100.64
  120.00     0.00    -155.43    6.63    6.63    0.00000   -90.00  LINEAR    3.59482E-07     5.74    4.55784E+01    97.99
  125.00     0.00    -154.24    6.27    6.27    0.00000   -90.00  LINEAR    4.12381E-07   -47.40    4.37298E+01    94.86
  130.00     0.00    -153.25    5.85    5.85    0.00000    90.00  LINEAR    4.62142E-07   116.84    4.16681E+01    91.24
  135.00     0.00    -152.42    5.37    5.37    0.00000    90.00  LINEAR    5.08385E-07    52.85    3.94255E+01    87.13
  140.00     0.00    -151.73    4.82    4.82    0.00000   -90.00  LINEAR    5.50759E-07    -9.81    3.70383E+01    82.52
  145.00     0.00    -151.15    4.22    4.22    0.00000    90.00  LINEAR    5.88941E-07   109.06    3.45470E+01    77.39
  150.00     0.00    -150.66    3.55    3.55    0.00000   -90.00  LINEAR    6.22642E-07   176.26    3.19958E+01    71.72
  155.00     0.00    -150.27    2.83    2.83    0.00000   -90.00  LINEAR    6.51604E-07   -98.57    2.94309E+01    65.50
  160.00     0.00    -149.95    2.05    2.05    0.00000    90.00  LINEAR    6.75606E-07    13.79    2.69001E+01    58.71
  165.00     0.00    -149.72    1.22    1.22    0.00000    90.00  LINEAR    6.94467E-07    99.34    2.44506E+01    51.31
  170.00     0.00    -149.55    0.35    0.35    0.00000    90.00  LINEAR    7.08042E-07    38.54    2.21270E+01    43.30
  175.00     0.00    -149.45   -0.54   -0.54    0.00000    90.00  LINEAR    7.16229E-07     4.46    1.99692E+01    34.66
  180.00     0.00    -149.41   -1.44   -1.44    0.00000    90.00  LINEAR    7.18965E-07   101.48    1.80098E+01    25.42




                                 - - - - - - FREQUENCY - - - - - -

                                    FREQUENCY= 1.0230E+02 MHZ
                                    WAVELENGTH= 2.9306E+00 METERS




                    APPROXIMATE INTEGRATION EMPLOYED FOR SEGMENTS MORE THAN   1.000 WAVELENGTHS APART

                    THE EXTENDED THIN WIRE KERNEL WILL BE USED



                               - - - STRUCTURE IMPEDANCE LOADING - - -

                                   THIS STRUCTURE IS NOT LOADED



                                  - - - ANTENNA ENVIRONMENT - - -

                                            FREE SPACE



                                - - - MATRIX TIMING - - -

                        FILL=    0.000 SEC.,  FACTOR=    0.000 SEC.



                                            - - - NETWORK DATA - - -

      - FROM -    - TO -                          -  -  ADMITTANCE MATRIX ELEMENTS (MHOS)  -  -
      TAG  SEG.   TAG  SEG.             (ONE,ONE)                   (ONE,TWO)                   (TWO,TWO)
      NO.   NO.   NO.   NO.        REAL          IMAG.         REAL          IMAG.         REAL          IMAG.
     9901    28     3    14     0.0000E+00    0.0000E+00    0.0000E+00    1.0000E+00    0.0000E+00    0.0000E+00           



                           - - - STRUCTURE EXCITATION DATA AT NETWORK CONNECTION POINTS - - -

   TAG   SEG.    VOLTAGE (VOLTS)         CURRENT (AMPS)         IMPEDANCE (OHMS)        ADMITTANCE (MHOS)      POWER
   NO.   NO.    REAL        IMAG.       REAL        IMAG.       REAL        IMAG.       REAL        IMAG.     (WATTS)
     3    14 1.29719E+01-6.36407E+00 1.00000E+00-3.25362E-16 1.29719E+01-6.36407E+00 6.21344E-02 3.04834E-02 6.48595E+00
  9901    28 0.00000E+00 1.00000E+00-5.37271E-06 1.75162E-14 6.06812E-04-1.86126E+05 1.75162E-14 5.37271E-06 8.75812E-15



                                          - - - ANTENNA INPUT PARAMETERS - - -

   TAG   SEG.    VOLTAGE (VOLTS)         CURRENT (AMPS)         IMPEDANCE (OHMS)        ADMITTANCE (MHOS)      POWER
   NO.   NO.    REAL        IMAG.       REAL        IMAG.       REAL        IMAG.       REAL        IMAG.     (WATTS)
  9901    28 0.00000E+00 1.00000E+00 6.36406E+00 1.29719E+01 6.21345E-02 3.04834E-02 1.29719E+01-6.36406E+00 6.48595E+00



                             - - - CURRENTS AND LOCATION - - -

                                 DISTANCES IN WAVELENGTHS


  SEG.  TAG    COORD. OF SEG. CENTER     SEG.            - - - CURRENT (AMPS) - - -
  NO.   NO.     X        Y        Z      LENGTH     REAL        IMAG.       MAG.        PHASE
     1    1   0.0000   0.2129   0.0000  0.05323  -6.7986E-02  4.0179E-02  7.8971E-02  149.418
     2    1   0.0000   0.1597   0.0000  0.05323  -1.5992E-01  8.9351E-02  1.8319E-01  150.807
     3    1   0.0000   0.1065   0.0000  0.05323  -2.3353E-01  1.2560E-01  2.6516E-01  151.727
     4    1   0.0000   0.0532   0.0000  0.05323  -2.8228E-01  1.4857E-01  3.1899E-01  152.240
     5    1   0.0000   0.0000   0.0000  0.05323  -2.9932E-01  1.5641E-01  3.3772E-01  152.411
     6    1   0.0000  -0.0532   0.0000  0.05323  -2.8228E-01  1.4857E-01  3.1899E-01  152.240
     7    1   0.0000  -0.1065   0.0000  0.05323  -2.3353E-01  1.2560E-01  2.6516E-01  151.727
     8    1   0.0000  -0.1597   0.0000  0.05323  -1.5992E-01  8.9351E-02  1.8319E-01  150.807
     9    1   0.0000  -0.2129   0.0000  0.05323  -6.7986E-02  4.0179E-02  7.8971E-02  149.418
    10    3   0.1174   0.2035   0.0000  0.05087   2.5464E-01 -1.4288E-02  2.5504E-01   -3.212
    11    3   0.1174   0.1526   0.0000  0.05087   5.6315E-01 -2.3334E-02  5.6363E-01   -2.373
    12    3   0.1174   0.1017   0.0000  0.05087   7.9298E-01 -2.2264E-02  7.9329E-01   -1.608
    13    3   0.1174   0.0509   0.0000  0.05087   9.4317E-01 -1.3651E-02  9.4327E-01   -0.829
    14    3   0.1174   0.0000   0.0000  0.05087   1.0000E+00 -3.2536E-16  1.0000E+00    0.000
    15    3   0.1174  -0.0509   0.0000  0.05087   9.4317E-01 -1.3651E-02  9.4327E-01   -0.829
    16    3   0.1174  -0.1017   0.0000  0.05087   7.9298E-01 -2.2264E-02  7.9329E-01   -1.608
    17    3   0.1174  -0.1526   0.0000  0.05087   5.6315E-01 -2.3334E-02  5.6363E-01   -2.373
    18    3   0.1174  -0.2035   0.0000  0.05087   2.5464E-01 -1.4288E-02  2.5504E-01   -3.212
    19    5   0.2349   0.1893   0.0000  0.04732  -1.7088E-01 -1.2124E-01  2.0953E-01 -144.644
    20    5   0.2349   0.1420   0.0000  0.04732  -3.7030E-01 -2.5722E-01  4.5087E-01 -145.215
    21    5   0.2349   0.0946   0.0000  0.04732  -5.1486E-01 -3.5278E-01  6.2413E-01 -145.582
    22    5   0.2349   0.0473   0.0000  0.04732  -6.0632E-01 -4.1249E-01  7.3333E-01 -145.772
    23    5   0.2349   0.0000   0.0000  0.04732  -6.3764E-01 -4.3285E-01  7.7068E-01 -145.830
    24    5   0.2349  -0.0473   0.0000  0.04732  -6.0632E-01 -4.1249E-01  7.3333E-01 -145.772
    25    5   0.2349  -0.0946   0.0000  0.04732  -5.1486E-01 -3.5278E-01  6.2413E-01 -145.582
    26    5   0.2349  -0.1420   0.0000  0.04732  -3.7030E-01 -2.5722E-01  4.5087E-01 -145.215
    27    5   0.2349  -0.1893   0.0000  0.04732  -1.7088E-01 -1.2124E-01  2.0953E-01 -144.644
    28 9901   0.0000   0.00003378.4935  0.00106  -5.3727E-06  1.7516E-14  5.3727E-06  180.000



                                        - - - POWER BUDGET - - -

                                           INPUT POWER   = 6.4859E+00 WATTS
                                           RADIATED POWER= 6.4859E+00 WATTS
                                           STRUCTURE LOSS= 0.0000E+00 WATTS
                                           NETWORK LOSS  = 3.5527E-15 WATTS
                                           EFFICIENCY    = 100.00 PERCENT



                                                - - - RADIATION PATTERNS - - -

  - - ANGLES - -           - POWER GAINS -       - - - POLARIZATION - - -    - - - E(THETA) - - -    - - - E(PHI) - - -
  THETA     PHI        VERT.   HOR.    TOTAL      AXIAL     TILT   SENSE     MAGNITUDE    PHASE      MAGNITUDE    PHASE 
 DEGREES  DEGREES       DB      DB      DB        RATIO     DEG.              VOLTS/M    DEGREES      VOLTS/M    DEGREES
 -180.00     0.00    -148.59   -1.44   -1.44    0.00000    90.00  LINEAR    7.33230E-07    92.35    1.67065E+01    18.31
 -175.00     0.00    -148.63   -2.34   -2.34    0.00000    90.00  LINEAR    7.30440E-07    40.58    1.50634E+01     8.56
 -170.00     0.00    -148.73   -3.22   -3.22    0.00000   -90.00  LINEAR    7.22091E-07  -149.96    1.36054E+01    -1.52
 -165.00     0.00    -148.89   -4.09   -4.09    0.00000   -90.00  LINEAR    7.08246E-07   135.33    1.23208E+01   -11.78
 -160.00     0.00    -149.13   -4.92   -4.92    0.00000    90.00  LINEAR    6.89011E-07     1.66    1.11889E+01   -22.08
 -155.00     0.00    -149.45   -5.74   -5.74    0.00000    90.00  LINEAR    6.64532E-07   -73.78    1.01840E+01   -32.26
 -150.00     0.00    -149.84   -6.55   -6.55    0.00000    90.00  LINEAR    6.34996E-07   -40.02    9.27949E+00   -42.21
 -145.00     0.00    -150.33   -7.36   -7.36    0.00000   -90.00  LINEAR    6.00627E-07    90.06    8.45243E+00   -51.84
 -140.00     0.00    -150.91   -8.18   -8.18    0.00000    90.00  LINEAR    5.61686E-07  -117.41    7.68629E+00   -61.12
 -135.00     0.00    -151.60   -9.03   -9.03    0.00000    90.00  LINEAR    5.18472E-07   -74.03    6.97244E+00   -70.06
 -130.00     0.00    -152.43   -9.90   -9.90    0.00000   -90.00  LINEAR    4.71311E-07    34.65    6.30993E+00   -78.68
 -125.00     0.00    -153.42  -10.77  -10.77    0.00000    90.00  LINEAR    4.20563E-07   -26.73    5.70412E+00   -87.00
 -120.00     0.00    -154.61  -11.64  -11.64    0.00000    90.00  LINEAR    3.66615E-07  -178.82    5.16438E+00   -95.02
 -115.00     0.00    -156.07  -12.45  -12.45    0.00000    90.00  LINEAR    3.09876E-07   -22.69    4.70121E+00  -102.64
 -110.00     0.00    -157.91  -13.18  -13.18    0.00000   -90.00  LINEAR    2.50779E-07    85.38    4.32320E+00  -109.68
 -105.00     0.00    -160.33  -13.78  -13.78    0.00000   -90.00  LINEAR    1.89774E-07   119.36    4.03457E+00  -115.81
 -100.00     0.00    -163.80  -14.22  -14.22    0.00000   -90.00  LINEAR    1.27324E-07    29.08    3.83432E+00  -120.63
  -95.00     0.00    -169.79  -14.49  -14.49    0.00000   -90.00  LINEAR    6.39051E-08   106.16    3.71770E+00  -123.72
  -90.00     0.00    -999.99  -14.58  -14.58    0.00000    90.00  LINEAR    3.74197E-18   -90.00    3.67956E+00  -124.79
  -85.00     0.00    -169.79  -14.49  -14.49    0.00000    90.00  LINEAR    6.39051E-08  -106.16    3.71770E+00  -123.72
  -80.00     0.00    -163.80  -14.22  -14.22    0.00000   -90.00  LINEAR    1.27324E-07   -29.08    3.83432E+00  -120.63
  -75.00     0.00    -160.33  -13.78  -13.78    0.00000    90.00  LINEAR    1.89774E-07  -119.36    4.03457E+00  -115.81
  -70.00     0.00    -157.91  -13.18  -13.18    0.00000    90.00  LINEAR    2.50779E-07   -85.38    4.32320E+00  -109.68
  -65.00     0.00    -156.07  -12.45  -12.45    0.00000   -90.00  LINEAR    3.09876E-07    22.69    4.70121E+00  -102.64
  -60.00     0.00    -154.61  -11.64  -11.64    0.00000    90.00  LINEAR    3.66615E-07   178.82    5.16438E+00   -95.02
  -55.00     0.00    -153.42  -10.77  -10.77    0.00000   -90.00  LINEAR    4.20563E-07    26.73    5.70412E+00   -87.00
  -50.00     0.00    -152.43   -9.90   -9.90    0.00000    90.00  LINEAR    4.71311E-07   -34.65    6.30993E+00   -78.68
  -45.00     0.00    -151.60   -9.03   -9.03    0.00000   -90.00  LINEAR    5.18472E-07    74.03    6.97244E+00   -70.06
  -40.00     0.00    -150.91   -8.18   -8.18    0.00000   -90.00  LINEAR    5.61686E-07   117.41    7.68629E+00   -61.12
  -35.00     0.00    -150.33   -7.36   -7.36    0.00000    90.00  LINEAR    6.00627E-07   -90.06    8.45243E+00   -51.84
  -30.00     0.00    -149.84   -6.55   -6.55    0.00000    90.00  LINEAR    6.34996E-07    40.02    9.27949E+00   -42.21
  -25.00     0.00    -149.45   -5.74   -5.74    0.00000   -90.00  LINEAR    6.64532E-07    73.78    1.01840E+01   -32.26
  -20.00     0.00    -149.13   -4.92   -4.92    0.00000    90.00  LINEAR    6.89011E-07    -1.66    1.11889E+01   -22.08
  -15.00     0.00    -148.89   -4.09   -4.09    0.00000   -90.00  LINEAR    7.08246E-07  -135.33    1.23208E+01   -11.78
  -10.00     0.00    -148.73   -3.22   -3.22    0.00000   -90.00  LINEAR    7.22091E-07   149.96    1.36054E+01    -1.52
   -5.00     0.00    -148.63   -2.34   -2.34    0.00000    90.00  LINEAR    7.30440E-07   -40.58    1.50634E+01     8.56
    0.00     0.00    -148.59   -1.44   -1.44    0.00000   -90.00  LINEAR    7.33230E-07   -92.35    1.67065E+01    18.31
    5.00     0.00    -148.63   -0.54   -0.54    0.00000    90.00  LINEAR    7.30440E-07   -40.58    1.85355E+01    27.63
   10.00     0.00    -148.73    0.35    0.35    0.00000   -90.00  LINEAR    7.22091E-07   149.96    2.05392E+01    36.43
   15.00     0.00    -148.89    1.22    1.22    0.00000   -90.00  LINEAR    7.08246E-07  -135.33    2.26959E+01    44.67
   20.00     0.00    -149.13    2.05    2.05    0.00000    90.00  LINEAR    6.89011E-07    -1.66    2.49748E+01    52.34
   25.00     0.00    -149.45    2.84    2.84    0.00000    90.00  LINEAR    6.64532E-07    73.78    2.73385E+01    59.42
   30.00     0.00    -149.84    3.57    3.57    0.00000    90.00  LINEAR    6.34996E-07    40.02    2.97453E+01    65.92
   35.00     0.00    -150.33    4.25    4.25    0.00000   -90.00  LINEAR    6.00627E-07   -90.06    3.21514E+01    71.86
   40.00     0.00    -150.91    4.86    4.86    0.00000    90.00  LINEAR    5.61686E-07   117.41    3.45124E+01    77.25
   45.00     0.00    -151.60    5.42    5.42    0.00000    90.00  LINEAR    5.18472E-07    74.03    3.67855E+01    82.11
   50.00     0.00    -152.43    5.91    5.91    0.00000   -90.00  LINEAR    4.71311E-07   -34.65    3.89301E+01    86.43
   55.00     0.00    -153.42    6.34    6.34    0.00000    90.00  LINEAR    4.20563E-07    26.73    4.09094E+01    90.24
   60.00     0.00    -154.61    6.71    6.71    0.00000    90.00  LINEAR    3.66615E-07   178.82    4.26904E+01    93.53
   65.00     0.00    -156.07    7.02    7.02    0.00000    90.00  LINEAR    3.09876E-07    22.69    4.42446E+01    96.31
   70.00     0.00    -157.91    7.27    7.27    0.00000   -90.00  LINEAR    2.50779E-07   -85.38    4.55480E+01    98.59
   75.00     0.00    -160.33    7.47    7.47    0.00000   -90.00  LINEAR    1.89774E-07  -119.36    4.65814E+01   100.36
   80.00     0.00    -163.80    7.60    7.60    0.00000   -90.00  LINEAR    1.27324E-07   -29.08    4.73300E+01   101.62
   85.00     0.00    -169.79    7.69    7.69    0.00000   -90.00  LINEAR    6.39051E-08  -106.16    4.77832E+01   102.38
   90.00     0.00    -999.99    7.71    7.71    0.00000   -90.00  LINEAR    3.74197E-18   -90.00    4.79350E+01   102.63
   95.00     0.00    -169.79    7.69    7.69    0.00000    90.00  LINEAR    6.39051E-08   106.16    4.77832E+01   102.38
  100.00     0.00    -163.80    7.60    7.60    0.00000    90.00  LINEAR    1.27324E-07    29.08    4.73300E+01   101.62
  105.00     0.00    -160.33    7.47    7.47    0.00000    90.00  LINEAR    1.89774E-07   119.36    4.65814E+01   100.36
  110.00     0.00    -157.91    7.27    7.27    0.00000    90.00  LINEAR    2.50779E-07    85.38    4.55480E+01    98.59
  115.00     0.00    -156.07    7.02    7.02    0.00000   -90.00  LINEAR    3.09876E-07   -22.69    4.42446E+01    96.31
  120.00     0.00    -154.61    6.71    6.71    0.00000    90.00  LINEAR    3.66615E-07  -178.82    4.26904E+01    93.53
  125.00     0.00    -153.42    6.34    6.34    0.00000   -90.00  LINEAR    4.20563E-07   -26.73    4.09094E+01    90.24
  130.00     0.00    -152.43    5.91    5.91    0.00000    90.00  LINEAR    4.71311E-07    34.65    3.89301E+01    86.43
  135.00     0.00    -151.60    5.42    5.42    0.00000   -90.00  LINEAR    5.18472E-07   -74.03    3.67855E+01    82.11
  140.00     0.00    -150.91    4.86    4.86    0.00000   -90.00  LINEAR    5.61686E-07  -117.41    3.45124E+01    77.25
  145.00     0.00    -150.33    4.25    4.25    0.00000    90.00  LINEAR    6.00627E-07    90.06    3.21514E+01    71.86
  150.00     0.00    -149.84    3.57    3.57    0.00000   -90.00  LINEAR    6.34996E-07   -40.02    2.97453E+01    65.92
  155.00     0.00    -149.45    2.84    2.84    0.00000   -90.00  LINEAR    6.64532E-07   -73.78    2.73385E+01    59.42
  160.00     0.00    -149.13    2.05    2.05    0.00000    90.00  LINEAR    6.89011E-07     1.66    2.49748E+01    52.34
  165.00     0.00    -148.89    1.22    1.22    0.00000   -90.00  LINEAR    7.08246E-07   135.33    2.26959E+01    44.67
  170.00     0.00    -148.73    0.35    0.35    0.00000   -90.00  LINEAR    7.22091E-07  -149.96    2.05392E+01    36.43
  175.00     0.00    -148.63   -0.54   -0.54    0.00000    90.00  LINEAR    7.30440E-07    40.58    1.85355E+01    27.63
  180.00     0.00    -148.59   -1.44   -1.44    0.00000    90.00  LINEAR    7.33230E-07    92.35    1.67065E+01    18.31




                                 - - - - - - FREQUENCY - - - - - -

                                    FREQUENCY= 1.0330E+02 MHZ
                                    WAVELENGTH= 2.9022E+00 METERS




                    APPROXIMATE INTEGRATION EMPLOYED FOR SEGMENTS MORE THAN   1.000 WAVELENGTHS APART

                    THE EXTENDED THIN WIRE KERNEL WILL BE USED



                               - - - STRUCTURE IMPEDANCE LOADING - - -

                                   THIS STRUCTURE IS NOT LOADED



                                  - - - ANTENNA ENVIRONMENT - - -

                                            FREE SPACE



                                - - - MATRIX TIMING - - -

                        FILL=    0.000 SEC.,  FACTOR=    0.000 SEC.



                                            - - - NETWORK DATA - - -

      - FROM -    - TO -                          -  -  ADMITTANCE MATRIX ELEMENTS (MHOS)  -  -
      TAG  SEG.   TAG  SEG.             (ONE,ONE)                   (ONE,TWO)                   (TWO,TWO)
      NO.   NO.   NO.   NO.        REAL          IMAG.         REAL          IMAG.         REAL          IMAG.
     9901    28     3    14     0.0000E+00    0.0000E+00    0.0000E+00    1.0000E+00    0.0000E+00    0.0000E+00           



                           - - - STRUCTURE EXCITATION DATA AT NETWORK CONNECTION POINTS - - -

   TAG   SEG.    VOLTAGE (VOLTS)         CURRENT (AMPS)         IMPEDANCE (OHMS)        ADMITTANCE (MHOS)      POWER
   NO.   NO.    REAL        IMAG.       REAL        IMAG.       REAL        IMAG.       REAL        IMAG.     (WATTS)
     3    14 1.09259E+01-2.89807E-01 1.00000E+00-2.01382E-16 1.09259E+01-2.89807E-01 9.14613E-02 2.42599E-03 5.46295E+00
  9901    28 0.00000E+00 1.00000E+00-5.42523E-06 1.82112E-14 6.18734E-04-1.84324E+05 1.82112E-14 5.42523E-06 9.10562E-15



                                          - - - ANTENNA INPUT PARAMETERS - - -

   TAG   SEG.    VOLTAGE (VOLTS)         CURRENT (AMPS)         IMPEDANCE (OHMS)        ADMITTANCE (MHOS)      POWER
   NO.   NO.    REAL        IMAG.       REAL        IMAG.       REAL        IMAG.       REAL        IMAG.     (WATTS)
  9901    28 0.00000E+00 1.00000E+00 2.89801E-01 1.09259E+01 9.14613E-02 2.42594E-03 1.09259E+01-2.89801E-01 5.46295E+00



                             - - - CURRENTS AND LOCATION - - -

                                 DISTANCES IN WAVELENGTHS


  SEG.  TAG    COORD. OF SEG. CENTER     SEG.            - - - CURRENT (AMPS) - - -
  NO.   NO.     X        Y        Z      LENGTH     REAL        IMAG.       MAG.        PHASE
     1    1   0.0000   0.2150   0.0000  0.05375  -6.9936E-02  3.1800E-02  7.6826E-02  155.549
     2    1   0.0000   0.1613   0.0000  0.05375  -1.6431E-01  7.0977E-02  1.7898E-01  156.637
     3    1   0.0000   0.1075   0.0000  0.05375  -2.3964E-01  1.0001E-01  2.5967E-01  157.347
     4    1   0.0000   0.0538   0.0000  0.05375  -2.8939E-01  1.1846E-01  3.1269E-01  157.739
     5    1   0.0000   0.0000   0.0000  0.05375  -3.0673E-01  1.2475E-01  3.3113E-01  157.867
     6    1   0.0000  -0.0538   0.0000  0.05375  -2.8939E-01  1.1846E-01  3.1269E-01  157.739
     7    1   0.0000  -0.1075   0.0000  0.05375  -2.3964E-01  1.0001E-01  2.5967E-01  157.347
     8    1   0.0000  -0.1613   0.0000  0.05375  -1.6431E-01  7.0977E-02  1.7898E-01  156.637
     9    1   0.0000  -0.2150   0.0000  0.05375  -6.9936E-02  3.1800E-02  7.6826E-02  155.549
    10    3   0.1186   0.2055   0.0000  0.05136   2.5778E-01 -1.2398E-02  2.5808E-01   -2.754
    11    3   0.1186   0.1541   0.0000  0.05136   5.6976E-01 -2.0151E-02  5.7012E-01   -2.026
    12    3   0.1186   0.1027   0.0000  0.05136   8.0083E-01 -1.9123E-02  8.0105E-01   -1.368
    13    3   0.1186   0.0514   0.0000  0.05136   9.4882E-01 -1.1666E-02  9.4889E-01   -0.704
    14    3   0.1186   0.0000   0.0000  0.05136   1.0000E+00 -2.0138E-16  1.0000E+00    0.000
    15    3   0.1186  -0.0514   0.0000  0.05136   9.4882E-01 -1.1666E-02  9.4889E-01   -0.704
    16    3   0.1186  -0.1027   0.0000  0.05136   8.0083E-01 -1.9123E-02  8.0105E-01   -1.368
    17    3   0.1186  -0.1541   0.0000  0.05136   5.6976E-01 -2.0151E-02  5.7012E-01   -2.026
    18    3   0.1186  -0.2055   0.0000  0.05136   2.5778E-01 -1.2398E-02  2.5808E-01   -2.754
    19    5   0.2372   0.1911   0.0000  0.04778  -1.8258E-01 -1.0632E-01  2.1128E-01 -149.787
    20    5   0.2372   0.1433   0.0000  0.04778  -3.9553E-01 -2.2582E-01  4.5545E-01 -150.276
    21    5   0.2372   0.0956   0.0000  0.04778  -5.4977E-01 -3.0997E-01  6.3114E-01 -150.585
    22    5   0.2372   0.0478   0.0000  0.04778  -6.4726E-01 -3.6260E-01  7.4191E-01 -150.742
    23    5   0.2372   0.0000   0.0000  0.04778  -6.8062E-01 -3.8056E-01  7.7979E-01 -150.789
    24    5   0.2372  -0.0478   0.0000  0.04778  -6.4726E-01 -3.6260E-01  7.4191E-01 -150.742
    25    5   0.2372  -0.0956   0.0000  0.04778  -5.4977E-01 -3.0997E-01  6.3114E-01 -150.585
    26    5   0.2372  -0.1433   0.0000  0.04778  -3.9553E-01 -2.2582E-01  4.5545E-01 -150.276
    27    5   0.2372  -0.1911   0.0000  0.04778  -1.8258E-01 -1.0632E-01  2.1128E-01 -149.787
    28 9901   0.0000   0.00003411.5188  0.00107  -5.4252E-06  1.8211E-14  5.4252E-06  180.000



                                        - - - POWER BUDGET - - -

                                           INPUT POWER   = 5.4629E+00 WATTS
                                           RADIATED POWER= 5.4629E+00 WATTS
                                           STRUCTURE LOSS= 0.0000E+00 WATTS
                                           NETWORK LOSS  =-4.4409E-15 WATTS
                                           EFFICIENCY    = 100.00 PERCENT



                                                - - - RADIATION PATTERNS - - -

  - - ANGLES - -           - POWER GAINS -       - - - POLARIZATION - - -    - - - E(THETA) - - -    - - - E(PHI) - - -
  THETA     PHI        VERT.   HOR.    TOTAL      AXIAL     TILT   SENSE     MAGNITUDE    PHASE      MAGNITUDE    PHASE 
 DEGREES  DEGREES       DB      DB      DB        RATIO     DEG.              VOLTS/M    DEGREES      VOLTS/M    DEGREES
 -180.00     0.00    -147.68   -1.56   -1.56    0.00000    90.00  LINEAR    7.47635E-07    83.23    1.51226E+01    10.97
 -175.00     0.00    -147.71   -2.48   -2.48    0.00000    90.00  LINEAR    7.44790E-07    76.69    1.36059E+01     0.96
 -170.00     0.00    -147.81   -3.40   -3.40    0.00000    90.00  LINEAR    7.36277E-07    21.53    1.22399E+01    -9.30
 -165.00     0.00    -147.98   -4.32   -4.32    0.00000   -90.00  LINEAR    7.22160E-07   171.31    1.10060E+01   -19.68
 -160.00     0.00    -148.22   -5.26   -5.26    0.00000    90.00  LINEAR    7.02547E-07   -10.46    9.88080E+00   -30.06
 -155.00     0.00    -148.53   -6.22   -6.22    0.00000    90.00  LINEAR    6.77587E-07   -48.99    8.84043E+00   -40.38
 -150.00     0.00    -148.93   -7.24   -7.24    0.00000   -90.00  LINEAR    6.47471E-07   103.69    7.86477E+00   -50.62
 -145.00     0.00    -149.41   -8.32   -8.32    0.00000   -90.00  LINEAR    6.12427E-07    71.06    6.94095E+00   -60.82
 -140.00     0.00    -149.99   -9.50   -9.50    0.00000   -90.00  LINEAR    5.72721E-07   134.99    6.06550E+00   -71.13
 -135.00     0.00    -150.69  -10.76  -10.76    0.00000   -90.00  LINEAR    5.28657E-07   159.09    5.24524E+00   -81.80
 -130.00     0.00    -151.52  -12.09  -12.09    0.00000    90.00  LINEAR    4.80570E-07   -47.53    4.49717E+00   -93.13
 -125.00     0.00    -152.51  -13.45  -13.45    0.00000   -90.00  LINEAR    4.28825E-07    -6.05    3.84718E+00  -105.50
 -120.00     0.00    -153.70  -14.71  -14.71    0.00000   -90.00  LINEAR    3.73817E-07    -3.39    3.32598E+00  -119.11
 -115.00     0.00    -155.16  -15.73  -15.73    0.00000   -90.00  LINEAR    3.15964E-07    -7.26    2.95913E+00  -133.64
 -110.00     0.00    -157.00  -16.36  -16.36    0.00000   -90.00  LINEAR    2.55706E-07   -20.94    2.75076E+00  -147.96
 -105.00     0.00    -159.42  -16.62  -16.62    0.00000    90.00  LINEAR    1.93502E-07   -77.78    2.67221E+00  -160.44
 -100.00     0.00    -162.89  -16.62  -16.62    0.00000    90.00  LINEAR    1.29825E-07   124.55    2.67108E+00  -169.78
  -95.00     0.00    -168.87  -16.54  -16.54    0.00000    90.00  LINEAR    6.51606E-08   149.96    2.69440E+00  -175.43
  -90.00     0.00    -999.99  -16.51  -16.51    0.00000    90.00  LINEAR    3.81548E-18   -90.00    2.70628E+00  -177.31
  -85.00     0.00    -168.87  -16.54  -16.54    0.00000    90.00  LINEAR    6.51606E-08  -149.96    2.69440E+00  -175.43
  -80.00     0.00    -162.89  -16.62  -16.62    0.00000    90.00  LINEAR    1.29825E-07  -124.55    2.67108E+00  -169.78
  -75.00     0.00    -159.42  -16.62  -16.62    0.00000   -90.00  LINEAR    1.93502E-07    77.78    2.67221E+00  -160.44
  -70.00     0.00    -157.00  -16.36  -16.36    0.00000   -90.00  LINEAR    2.55706E-07    20.94    2.75076E+00  -147.96
  -65.00     0.00    -155.16  -15.73  -15.73    0.00000   -90.00  LINEAR    3.15964E-07     7.26    2.95913E+00  -133.64
  -60.00     0.00    -153.70  -14.71  -14.71    0.00000   -90.00  LINEAR    3.73817E-07     3.39    3.32598E+00  -119.11
  -55.00     0.00    -152.51  -13.45  -13.45    0.00000   -90.00  LINEAR    4.28825E-07     6.05    3.84718E+00  -105.50
  -50.00     0.00    -151.52  -12.09  -12.09    0.00000   -90.00  LINEAR    4.80570E-07    47.53    4.49717E+00   -93.13
  -45.00     0.00    -150.69  -10.76  -10.76    0.00000    90.00  LINEAR    5.28657E-07  -159.09    5.24524E+00   -81.80
  -40.00     0.00    -149.99   -9.50   -9.50    0.00000    90.00  LINEAR    5.72721E-07  -134.99    6.06550E+00   -71.13
  -35.00     0.00    -149.41   -8.32   -8.32    0.00000    90.00  LINEAR    6.12427E-07   -71.06    6.94095E+00   -60.82
  -30.00     0.00    -148.93   -7.24   -7.24    0.00000    90.00  LINEAR    6.47471E-07  -103.69    7.86477E+00   -50.62
  -25.00     0.00    -148.53   -6.22   -6.22    0.00000    90.00  LINEAR    6.77587E-07    48.99    8.84043E+00   -40.38
  -20.00     0.00    -148.22   -5.26   -5.26    0.00000    90.00  LINEAR    7.02547E-07    10.46    9.88080E+00   -30.06
  -15.00     0.00    -147.98   -4.32   -4.32    0.00000   -90.00  LINEAR    7.22160E-07  -171.31    1.10060E+01   -19.68
  -10.00     0.00    -147.81   -3.40   -3.40    0.00000    90.00  LINEAR    7.36277E-07   -21.53    1.22399E+01    -9.30
   -5.00     0.00    -147.71   -2.48   -2.48    0.00000    90.00  LINEAR    7.44790E-07   -76.69    1.36059E+01     0.96
    0.00     0.00    -147.68   -1.56   -1.56    0.00000   -90.00  LINEAR    7.47635E-07   -83.23    1.51226E+01    10.97
    5.00     0.00    -147.71   -0.65   -0.65    0.00000   -90.00  LINEAR    7.44790E-07   -76.69    1.67998E+01    20.62
   10.00     0.00    -147.81    0.25    0.25    0.00000    90.00  LINEAR    7.36277E-07   -21.53    1.86365E+01    29.81
   15.00     0.00    -147.98    1.13    1.13    0.00000   -90.00  LINEAR    7.22160E-07  -171.31    2.06207E+01    38.46
   20.00     0.00    -148.22    1.98    1.98    0.00000    90.00  LINEAR    7.02547E-07    10.46    2.27296E+01    46.54
   25.00     0.00    -148.53    2.78    2.78    0.00000    90.00  LINEAR    6.77587E-07    48.99    2.49322E+01    54.03
   30.00     0.00    -148.93    3.54    3.54    0.00000   -90.00  LINEAR    6.47471E-07  -103.69    2.71913E+01    60.91
   35.00     0.00    -149.41    4.23    4.23    0.00000   -90.00  LINEAR    6.12427E-07   -71.06    2.94654E+01    67.21
   40.00     0.00    -149.99    4.87    4.87    0.00000   -90.00  LINEAR    5.72721E-07  -134.99    3.17117E+01    72.92
   45.00     0.00    -150.69    5.45    5.45    0.00000   -90.00  LINEAR    5.28657E-07  -159.09    3.38874E+01    78.05
   50.00     0.00    -151.52    5.96    5.96    0.00000    90.00  LINEAR    4.80570E-07    47.53    3.59513E+01    82.62
   55.00     0.00    -152.51    6.41    6.41    0.00000    90.00  LINEAR    4.28825E-07     6.05    3.78651E+01    86.64
   60.00     0.00    -153.70    6.80    6.80    0.00000    90.00  LINEAR    3.73817E-07     3.39    3.95942E+01    90.11
   65.00     0.00    -155.16    7.13    7.13    0.00000    90.00  LINEAR    3.15964E-07     7.26    4.11084E+01    93.04
   70.00     0.00    -157.00    7.39    7.39    0.00000    90.00  LINEAR    2.55706E-07    20.94    4.23820E+01    95.43
   75.00     0.00    -159.42    7.60    7.60    0.00000    90.00  LINEAR    1.93502E-07    77.78    4.33940E+01    97.29
   80.00     0.00    -162.89    7.74    7.74    0.00000   -90.00  LINEAR    1.29825E-07  -124.55    4.41283E+01    98.62
   85.00     0.00    -168.87    7.83    7.83    0.00000   -90.00  LINEAR    6.51606E-08  -149.96    4.45735E+01    99.41
   90.00     0.00    -999.99    7.86    7.86    0.00000   -90.00  LINEAR    3.81548E-18   -90.00    4.47226E+01    99.68
   95.00     0.00    -168.87    7.83    7.83    0.00000    90.00  LINEAR    6.51606E-08   149.96    4.45735E+01    99.41
  100.00     0.00    -162.89    7.74    7.74    0.00000    90.00  LINEAR    1.29825E-07   124.55    4.41283E+01    98.62
  105.00     0.00    -159.42    7.60    7.60    0.00000   -90.00  LINEAR    1.93502E-07   -77.78    4.33940E+01    97.29
  110.00     0.00    -157.00    7.39    7.39    0.00000   -90.00  LINEAR    2.55706E-07   -20.94    4.23820E+01    95.43
  115.00     0.00    -155.16    7.13    7.13    0.00000   -90.00  LINEAR    3.15964E-07    -7.26    4.11084E+01    93.04
  120.00     0.00    -153.70    6.80    6.80    0.00000   -90.00  LINEAR    3.73817E-07    -3.39    3.95942E+01    90.11
  125.00     0.00    -152.51    6.41    6.41    0.00000   -90.00  LINEAR    4.28825E-07    -6.05    3.78651E+01    86.64
  130.00     0.00    -151.52    5.96    5.96    0.00000   -90.00  LINEAR    4.80570E-07   -47.53    3.59513E+01    82.62
  135.00     0.00    -150.69    5.45    5.45    0.00000    90.00  LINEAR    5.28657E-07   159.09    3.38874E+01    78.05
  140.00     0.00    -149.99    4.87    4.87    0.00000    90.00  LINEAR    5.72721E-07   134.99    3.17117E+01    72.92
  145.00     0.00    -149.41    4.23    4.23    0.00000    90.00  LINEAR    6.12427E-07    71.06    2.94654E+01    67.21
  150.00     0.00    -148.93    3.54    3.54    0.00000    90.00  LINEAR    6.47471E-07   103.69    2.71913E+01    60.91
  155.00     0.00    -148.53    2.78    2.78    0.00000   -90.00  LINEAR    6.77587E-07   -48.99    2.49322E+01    54.03
  160.00     0.00    -148.22    1.98    1.98    0.00000    90.00  LINEAR    7.02547E-07   -10.46    2.27296E+01    46.54
  165.00     0.00    -147.98    1.13    1.13    0.00000   -90.00  LINEAR    7.22160E-07   171.31    2.06207E+01    38.46
  170.00     0.00    -147.81    0.25    0.25    0.00000    90.00  LINEAR    7.36277E-07    21.53    1.86365E+01    29.81
  175.00     0.00    -147.71   -0.65   -0.65    0.00000    90.00  LINEAR    7.44790E-07    76.69    1.67998E+01    20.62
  180.00     0.00    -147.68   -1.56   -1.56    0.00000    90.00  LINEAR    7.47635E-07    83.23    1.51226E+01    10.97




                                 - - - - - - FREQUENCY - - - - - -

                                    FREQUENCY= 1.0430E+02 MHZ
                                    WAVELENGTH= 2.8744E+00 METERS




                    APPROXIMATE INTEGRATION EMPLOYED FOR SEGMENTS MORE THAN   1.000 WAVELENGTHS APART

                    THE EXTENDED THIN WIRE KERNEL WILL BE USED



                               - - - STRUCTURE IMPEDANCE LOADING - - -

                                   THIS STRUCTURE IS NOT LOADED



                                  - - - ANTENNA ENVIRONMENT - - -

                                            FREE SPACE



                                - - - MATRIX TIMING - - -

                        FILL=    0.000 SEC.,  FACTOR=    0.000 SEC.



                                            - - - NETWORK DATA - - -

      - FROM -    - TO -                          -  -  ADMITTANCE MATRIX ELEMENTS (MHOS)  -  -
      TAG  SEG.   TAG  SEG.             (ONE,ONE)                   (ONE,TWO)                   (TWO,TWO)
      NO.   NO.   NO.   NO.        REAL          IMAG.         REAL          IMAG.         REAL          IMAG.
     9901    28     3    14     0.0000E+00    0.0000E+00    0.0000E+00    1.0000E+00    0.0000E+00    0.0000E+00           



                           - - - STRUCTURE EXCITATION DATA AT NETWORK CONNECTION POINTS - - -

   TAG   SEG.    VOLTAGE (VOLTS)         CURRENT (AMPS)         IMPEDANCE (OHMS)        ADMITTANCE (MHOS)      POWER
   NO.   NO.    REAL        IMAG.       REAL        IMAG.       REAL        IMAG.       REAL        IMAG.     (WATTS)
     3    14 9.05152E+00 6.33676E+00 1.00000E+00-1.19671E-16 9.05152E+00 6.33676E+00 7.41414E-02-5.19047E-02 4.52576E+00
  9901    28 0.00000E+00 1.00000E+00-5.47775E-06 1.89267E-14 6.30771E-04-1.82557E+05 1.89267E-14 5.47775E-06 9.46337E-15



                                          - - - ANTENNA INPUT PARAMETERS - - -

   TAG   SEG.    VOLTAGE (VOLTS)         CURRENT (AMPS)         IMPEDANCE (OHMS)        ADMITTANCE (MHOS)      POWER
   NO.   NO.    REAL        IMAG.       REAL        IMAG.       REAL        IMAG.       REAL        IMAG.     (WATTS)
  9901    28 0.00000E+00 1.00000E+00-6.33677E+00 9.05152E+00 7.41413E-02-5.19047E-02 9.05152E+00 6.33677E+00 4.52576E+00



                             - - - CURRENTS AND LOCATION - - -

                                 DISTANCES IN WAVELENGTHS


  SEG.  TAG    COORD. OF SEG. CENTER     SEG.            - - - CURRENT (AMPS) - - -
  NO.   NO.     X        Y        Z      LENGTH     REAL        IMAG.       MAG.        PHASE
     1    1   0.0000   0.2171   0.0000  0.05427  -7.3505E-02  2.5653E-02  7.7853E-02  160.761
     2    1   0.0000   0.1628   0.0000  0.05427  -1.7229E-01  5.7451E-02  1.8162E-01  161.559
     3    1   0.0000   0.1085   0.0000  0.05427  -2.5082E-01  8.1136E-02  2.6362E-01  162.074
     4    1   0.0000   0.0543   0.0000  0.05427  -3.0248E-01  9.6218E-02  3.1741E-01  162.354
     5    1   0.0000   0.0000   0.0000  0.05427  -3.2044E-01  1.0137E-01  3.3609E-01  162.445
     6    1   0.0000  -0.0543   0.0000  0.05427  -3.0248E-01  9.6218E-02  3.1741E-01  162.354
     7    1   0.0000  -0.1085   0.0000  0.05427  -2.5082E-01  8.1136E-02  2.6362E-01  162.074
     8    1   0.0000  -0.1628   0.0000  0.05427  -1.7229E-01  5.7451E-02  1.8162E-01  161.559
     9    1   0.0000  -0.2171   0.0000  0.05427  -7.3505E-02  2.5653E-02  7.7853E-02  160.761
    10    3   0.1197   0.2074   0.0000  0.05186   2.6151E-01 -1.0551E-02  2.6173E-01   -2.310
    11    3   0.1197   0.1556   0.0000  0.05186   5.7742E-01 -1.7081E-02  5.7767E-01   -1.694
    12    3   0.1197   0.1037   0.0000  0.05186   8.0975E-01 -1.6136E-02  8.0991E-01   -1.142
    13    3   0.1197   0.0519   0.0000  0.05186   9.5516E-01 -9.8008E-03  9.5521E-01   -0.588
    14    3   0.1197   0.0000   0.0000  0.05186   1.0000E+00 -1.1967E-16  1.0000E+00    0.000
    15    3   0.1197  -0.0519   0.0000  0.05186   9.5516E-01 -9.8008E-03  9.5521E-01   -0.588
    16    3   0.1197  -0.1037   0.0000  0.05186   8.0975E-01 -1.6136E-02  8.0991E-01   -1.142
    17    3   0.1197  -0.1556   0.0000  0.05186   5.7742E-01 -1.7081E-02  5.7767E-01   -1.694
    18    3   0.1197  -0.2074   0.0000  0.05186   2.6151E-01 -1.0551E-02  2.6173E-01   -2.310
    19    5   0.2395   0.1930   0.0000  0.04824  -1.9131E-01 -9.1764E-02  2.1218E-01 -154.375
    20    5   0.2395   0.1447   0.0000  0.04824  -4.1451E-01 -1.9515E-01  4.5815E-01 -154.790
    21    5   0.2395   0.0965   0.0000  0.04824  -5.7616E-01 -2.6809E-01  6.3548E-01 -155.047
    22    5   0.2395   0.0482   0.0000  0.04824  -6.7825E-01 -3.1376E-01  7.4731E-01 -155.175
    23    5   0.2395   0.0000   0.0000  0.04824  -7.1317E-01 -3.2935E-01  7.8555E-01 -155.212
    24    5   0.2395  -0.0482   0.0000  0.04824  -6.7825E-01 -3.1376E-01  7.4731E-01 -155.175
    25    5   0.2395  -0.0965   0.0000  0.04824  -5.7616E-01 -2.6809E-01  6.3548E-01 -155.047
    26    5   0.2395  -0.1447   0.0000  0.04824  -4.1451E-01 -1.9515E-01  4.5815E-01 -154.790
    27    5   0.2395  -0.1930   0.0000  0.04824  -1.9131E-01 -9.1764E-02  2.1218E-01 -154.375
    28 9901   0.0000   0.00003444.5442  0.00108  -5.4777E-06  1.8927E-14  5.4777E-06  180.000



                                        - - - POWER BUDGET - - -

                                           INPUT POWER   = 4.5258E+00 WATTS
                                           RADIATED POWER= 4.5258E+00 WATTS
                                           STRUCTURE LOSS= 0.0000E+00 WATTS
                                           NETWORK LOSS  =-1.7764E-15 WATTS
                                           EFFICIENCY    = 100.00 PERCENT



                                                - - - RADIATION PATTERNS - - -

  - - ANGLES - -           - POWER GAINS -       - - - POLARIZATION - - -    - - - E(THETA) - - -    - - - E(PHI) - - -
  THETA     PHI        VERT.   HOR.    TOTAL      AXIAL     TILT   SENSE     MAGNITUDE    PHASE      MAGNITUDE    PHASE 
 DEGREES  DEGREES       DB      DB      DB        RATIO     DEG.              VOLTS/M    DEGREES      VOLTS/M    DEGREES
 -180.00     0.00    -146.69   -1.81   -1.81    0.00000    90.00  LINEAR    7.62180E-07    74.10    1.33787E+01     3.10
 -175.00     0.00    -146.73   -2.74   -2.74    0.00000   -90.00  LINEAR    7.59280E-07   112.81    1.20138E+01    -7.50
 -170.00     0.00    -146.83   -3.69   -3.69    0.00000   -90.00  LINEAR    7.50601E-07  -166.97    1.07726E+01   -18.30
 -165.00     0.00    -147.00   -4.66   -4.66    0.00000   -90.00  LINEAR    7.36209E-07  -152.70    9.62967E+00   -29.20
 -160.00     0.00    -147.23   -5.69   -5.69    0.00000    90.00  LINEAR    7.16215E-07   -22.59    8.55900E+00   -40.14
 -155.00     0.00    -147.55   -6.79   -6.79    0.00000    90.00  LINEAR    6.90770E-07   -24.19    7.53875E+00   -51.16
 -150.00     0.00    -147.94   -8.00   -8.00    0.00000    90.00  LINEAR    6.60067E-07  -112.59    6.55619E+00   -62.40
 -145.00     0.00    -148.43   -9.35   -9.35    0.00000   -90.00  LINEAR    6.24341E-07    52.06    5.61140E+00   -74.19
 -140.00     0.00    -149.01  -10.86  -10.86    0.00000   -90.00  LINEAR    5.83864E-07    27.39    4.72080E+00   -87.08
 -135.00     0.00    -149.70  -12.47  -12.47    0.00000   -90.00  LINEAR    5.38942E-07    32.21    3.92157E+00  -101.93
 -130.00     0.00    -150.53  -14.03  -14.03    0.00000    90.00  LINEAR    4.89920E-07  -129.71    3.27612E+00  -119.76
 -125.00     0.00    -151.52  -15.19  -15.19    0.00000   -90.00  LINEAR    4.37168E-07    14.63    2.86604E+00  -140.86
 -120.00     0.00    -152.71  -15.56  -15.56    0.00000    90.00  LINEAR    3.81090E-07   172.05    2.74793E+00  -163.17
 -115.00     0.00    -154.18  -15.13  -15.13    0.00000   -90.00  LINEAR    3.22111E-07     8.18    2.88738E+00   177.18
 -110.00     0.00    -156.01  -14.31  -14.31    0.00000    90.00  LINEAR    2.60681E-07  -127.26    3.17212E+00   162.36
 -105.00     0.00    -158.43  -13.48  -13.48    0.00000    90.00  LINEAR    1.97267E-07    85.09    3.48879E+00   152.17
 -100.00     0.00    -161.90  -12.83  -12.83    0.00000    90.00  LINEAR    1.32351E-07  -139.97    3.75928E+00   145.65
  -95.00     0.00    -167.89  -12.43  -12.43    0.00000    90.00  LINEAR    6.64283E-08  -166.25    3.93739E+00   142.03
  -90.00     0.00    -999.99  -12.30  -12.30    0.00000   -90.00  LINEAR    3.88971E-18   -90.00    3.99923E+00   140.87
  -85.00     0.00    -167.89  -12.43  -12.43    0.00000    90.00  LINEAR    6.64283E-08   166.25    3.93739E+00   142.03
  -80.00     0.00    -161.90  -12.83  -12.83    0.00000    90.00  LINEAR    1.32351E-07   139.97    3.75928E+00   145.65
  -75.00     0.00    -158.43  -13.48  -13.48    0.00000   -90.00  LINEAR    1.97267E-07   -85.09    3.48879E+00   152.17
  -70.00     0.00    -156.01  -14.31  -14.31    0.00000    90.00  LINEAR    2.60681E-07   127.26    3.17212E+00   162.36
  -65.00     0.00    -154.18  -15.13  -15.13    0.00000   -90.00  LINEAR    3.22111E-07    -8.18    2.88738E+00   177.18
  -60.00     0.00    -152.71  -15.56  -15.56    0.00000    90.00  LINEAR    3.81090E-07  -172.05    2.74793E+00  -163.17
  -55.00     0.00    -151.52  -15.19  -15.19    0.00000   -90.00  LINEAR    4.37168E-07   -14.63    2.86604E+00  -140.86
  -50.00     0.00    -150.53  -14.03  -14.03    0.00000   -90.00  LINEAR    4.89920E-07   129.71    3.27612E+00  -119.76
  -45.00     0.00    -149.70  -12.47  -12.47    0.00000    90.00  LINEAR    5.38942E-07   -32.21    3.92157E+00  -101.93
  -40.00     0.00    -149.01  -10.86  -10.86    0.00000    90.00  LINEAR    5.83864E-07   -27.39    4.72080E+00   -87.08
  -35.00     0.00    -148.43   -9.35   -9.35    0.00000    90.00  LINEAR    6.24341E-07   -52.06    5.61140E+00   -74.19
  -30.00     0.00    -147.94   -8.00   -8.00    0.00000   -90.00  LINEAR    6.60067E-07   112.59    6.55619E+00   -62.40
  -25.00     0.00    -147.55   -6.79   -6.79    0.00000    90.00  LINEAR    6.90770E-07    24.19    7.53875E+00   -51.16
  -20.00     0.00    -147.23   -5.69   -5.69    0.00000    90.00  LINEAR    7.16215E-07    22.59    8.55900E+00   -40.14
  -15.00     0.00    -147.00   -4.66   -4.66    0.00000   -90.00  LINEAR    7.36209E-07   152.70    9.62967E+00   -29.20
  -10.00     0.00    -146.83   -3.69   -3.69    0.00000   -90.00  LINEAR    7.50601E-07   166.97    1.07726E+01   -18.30
   -5.00     0.00    -146.73   -2.74   -2.74    0.00000   -90.00  LINEAR    7.59280E-07  -112.81    1.20138E+01    -7.50
    0.00     0.00    -146.69   -1.81   -1.81    0.00000    90.00  LINEAR    7.62180E-07   -74.10    1.33787E+01     3.10
    5.00     0.00    -146.73   -0.88   -0.88    0.00000   -90.00  LINEAR    7.59280E-07  -112.81    1.48864E+01    13.38
   10.00     0.00    -146.83    0.04    0.04    0.00000   -90.00  LINEAR    7.50601E-07   166.97    1.65460E+01    23.21
   15.00     0.00    -147.00    0.94    0.94    0.00000   -90.00  LINEAR    7.36209E-07   152.70    1.83548E+01    32.50
   20.00     0.00    -147.23    1.81    1.81    0.00000    90.00  LINEAR    7.16215E-07    22.59    2.02976E+01    41.18
   25.00     0.00    -147.55    2.65    2.65    0.00000    90.00  LINEAR    6.90770E-07    24.19    2.23489E+01    49.22
   30.00     0.00    -147.94    3.44    3.44    0.00000    90.00  LINEAR    6.60067E-07   112.59    2.44744E+01    56.61
   35.00     0.00    -148.43    4.17    4.17    0.00000   -90.00  LINEAR    6.24341E-07   -52.06    2.66345E+01    63.34
   40.00     0.00    -149.01    4.85    4.85    0.00000   -90.00  LINEAR    5.83864E-07   -27.39    2.87861E+01    69.43
   45.00     0.00    -149.70    5.46    5.46    0.00000   -90.00  LINEAR    5.38942E-07   -32.21    3.08854E+01    74.89
   50.00     0.00    -150.53    6.01    6.01    0.00000    90.00  LINEAR    4.89920E-07   129.71    3.28896E+01    79.74
   55.00     0.00    -151.52    6.49    6.49    0.00000   -90.00  LINEAR    4.37168E-07   -14.63    3.47582E+01    83.99
   60.00     0.00    -152.71    6.90    6.90    0.00000   -90.00  LINEAR    3.81090E-07  -172.05    3.64543E+01    87.65
   65.00     0.00    -154.18    7.25    7.25    0.00000   -90.00  LINEAR    3.22111E-07    -8.18    3.79453E+01    90.73
   70.00     0.00    -156.01    7.53    7.53    0.00000    90.00  LINEAR    2.60681E-07   127.26    3.92032E+01    93.25
   75.00     0.00    -158.43    7.75    7.75    0.00000   -90.00  LINEAR    1.97267E-07   -85.09    4.02053E+01    95.20
   80.00     0.00    -161.90    7.91    7.91    0.00000    90.00  LINEAR    1.32351E-07   139.97    4.09337E+01    96.59
   85.00     0.00    -167.89    8.00    8.00    0.00000    90.00  LINEAR    6.64283E-08   166.25    4.13758E+01    97.43
   90.00     0.00    -999.99    8.03    8.03    0.00000   -90.00  LINEAR    3.88971E-18   -90.00    4.15240E+01    97.71
   95.00     0.00    -167.89    8.00    8.00    0.00000   -90.00  LINEAR    6.64283E-08  -166.25    4.13758E+01    97.43
  100.00     0.00    -161.90    7.91    7.91    0.00000   -90.00  LINEAR    1.32351E-07  -139.97    4.09337E+01    96.59
  105.00     0.00    -158.43    7.75    7.75    0.00000    90.00  LINEAR    1.97267E-07    85.09    4.02053E+01    95.20
  110.00     0.00    -156.01    7.53    7.53    0.00000   -90.00  LINEAR    2.60681E-07  -127.26    3.92032E+01    93.25
  115.00     0.00    -154.18    7.25    7.25    0.00000    90.00  LINEAR    3.22111E-07     8.18    3.79453E+01    90.73
  120.00     0.00    -152.71    6.90    6.90    0.00000    90.00  LINEAR    3.81090E-07   172.05    3.64543E+01    87.65
  125.00     0.00    -151.52    6.49    6.49    0.00000    90.00  LINEAR    4.37168E-07    14.63    3.47582E+01    83.99
  130.00     0.00    -150.53    6.01    6.01    0.00000   -90.00  LINEAR    4.89920E-07  -129.71    3.28896E+01    79.74
  135.00     0.00    -149.70    5.46    5.46    0.00000    90.00  LINEAR    5.38942E-07    32.21    3.08854E+01    74.89
  140.00     0.00    -149.01    4.85    4.85    0.00000    90.00  LINEAR    5.83864E-07    27.39    2.87861E+01    69.43
  145.00     0.00    -148.43    4.17    4.17    0.00000    90.00  LINEAR    6.24341E-07    52.06    2.66345E+01    63.34
  150.00     0.00    -147.94    3.44    3.44    0.00000   -90.00  LINEAR    6.60067E-07  -112.59    2.44744E+01    56.61
  155.00     0.00    -147.55    2.65    2.65    0.00000    90.00  LINEAR    6.90770E-07   -24.19    2.23489E+01    49.22
  160.00     0.00    -147.23    1.81    1.81    0.00000    90.00  LINEAR    7.16215E-07   -22.59    2.02976E+01    41.18
  165.00     0.00    -147.00    0.94    0.94    0.00000   -90.00  LINEAR    7.36209E-07  -152.70    1.83548E+01    32.50
  170.00     0.00    -146.83    0.04    0.04    0.00000   -90.00  LINEAR    7.50601E-07  -166.97    1.65460E+01    23.21
  175.00     0.00    -146.73   -0.88   -0.88    0.00000   -90.00  LINEAR    7.59280E-07   112.81    1.48864E+01    13.38
  180.00     0.00    -146.69   -1.81   -1.81    0.00000    90.00  LINEAR    7.62180E-07    74.10    1.33787E+01     3.10




                                 - - - - - - FREQUENCY - - - - - -

                                    FREQUENCY= 1.0530E+02 MHZ
                                    WAVELENGTH= 2.8471E+00 METERS




                    APPROXIMATE INTEGRATION EMPLOYED FOR SEGMENTS MORE THAN   1.000 WAVELENGTHS APART

                    THE EXTENDED THIN WIRE KERNEL WILL BE USED



                               - - - STRUCTURE IMPEDANCE LOADING - - -

                                   THIS STRUCTURE IS NOT LOADED



                                  - - - ANTENNA ENVIRONMENT - - -

                                            FREE SPACE



                                - - - MATRIX TIMING - - -

                        FILL=    0.000 SEC.,  FACTOR=    0.000 SEC.



                                            - - - NETWORK DATA - - -

      - FROM -    - TO -                          -  -  ADMITTANCE MATRIX ELEMENTS (MHOS)  -  -
      TAG  SEG.   TAG  SEG.             (ONE,ONE)                   (ONE,TWO)                   (TWO,TWO)
      NO.   NO.   NO.   NO.        REAL          IMAG.         REAL          IMAG.         REAL          IMAG.
     9901    28     3    14     0.0000E+00    0.0000E+00    0.0000E+00    1.0000E+00    0.0000E+00    0.0000E+00           



                           - - - STRUCTURE EXCITATION DATA AT NETWORK CONNECTION POINTS - - -

   TAG   SEG.    VOLTAGE (VOLTS)         CURRENT (AMPS)         IMPEDANCE (OHMS)        ADMITTANCE (MHOS)      POWER
   NO.   NO.    REAL        IMAG.       REAL        IMAG.       REAL        IMAG.       REAL        IMAG.     (WATTS)
     3    14 7.41416E+00 1.34170E+01 1.00000E+00 1.18534E-16 7.41416E+00 1.34170E+01 3.15517E-02-5.70971E-02 3.70708E+00
  9901    28 0.00000E+00 1.00000E+00-5.53027E-06 1.96631E-14 6.42924E-04-1.80823E+05 1.96631E-14 5.53027E-06 9.83155E-15



                                          - - - ANTENNA INPUT PARAMETERS - - -

   TAG   SEG.    VOLTAGE (VOLTS)         CURRENT (AMPS)         IMPEDANCE (OHMS)        ADMITTANCE (MHOS)      POWER
   NO.   NO.    REAL        IMAG.       REAL        IMAG.       REAL        IMAG.       REAL        IMAG.     (WATTS)
  9901    28 0.00000E+00 1.00000E+00-1.34170E+01 7.41416E+00 3.15516E-02-5.70971E-02 7.41416E+00 1.34170E+01 3.70708E+00



                             - - - CURRENTS AND LOCATION - - -

                                 DISTANCES IN WAVELENGTHS


  SEG.  TAG    COORD. OF SEG. CENTER     SEG.            - - - CURRENT (AMPS) - - -
  NO.   NO.     X        Y        Z      LENGTH     REAL        IMAG.       MAG.        PHASE
     1    1   0.0000   0.2192   0.0000  0.05479  -7.7895E-02  2.1481E-02  8.0802E-02  164.583
     2    1   0.0000   0.1644   0.0000  0.05479  -1.8214E-01  4.8232E-02  1.8842E-01  165.168
     3    1   0.0000   0.1096   0.0000  0.05479  -2.6463E-01  6.8239E-02  2.7329E-01  165.540
     4    1   0.0000   0.0548   0.0000  0.05479  -3.1870E-01  8.1009E-02  3.2883E-01  165.738
     5    1   0.0000   0.0000   0.0000  0.05479  -3.3744E-01  8.5376E-02  3.4807E-01  165.802
     6    1   0.0000  -0.0548   0.0000  0.05479  -3.1870E-01  8.1009E-02  3.2883E-01  165.738
     7    1   0.0000  -0.1096   0.0000  0.05479  -2.6463E-01  6.8239E-02  2.7329E-01  165.540
     8    1   0.0000  -0.1644   0.0000  0.05479  -1.8214E-01  4.8232E-02  1.8842E-01  165.168
     9    1   0.0000  -0.2192   0.0000  0.05479  -7.7895E-02  2.1481E-02  8.0802E-02  164.583
    10    3   0.1209   0.2094   0.0000  0.05236   2.6577E-01 -8.8259E-03  2.6592E-01   -1.902
    11    3   0.1209   0.1571   0.0000  0.05236   5.8600E-01 -1.4257E-02  5.8617E-01   -1.394
    12    3   0.1209   0.1047   0.0000  0.05236   8.1961E-01 -1.3428E-02  8.1972E-01   -0.939
    13    3   0.1209   0.0524   0.0000  0.05236   9.6211E-01 -8.1307E-03  9.6215E-01   -0.484
    14    3   0.1209   0.0000   0.0000  0.05236   1.0000E+00  1.1853E-16  1.0000E+00    0.000
    15    3   0.1209  -0.0524   0.0000  0.05236   9.6211E-01 -8.1307E-03  9.6215E-01   -0.484
    16    3   0.1209  -0.1047   0.0000  0.05236   8.1961E-01 -1.3428E-02  8.1972E-01   -0.939
    17    3   0.1209  -0.1571   0.0000  0.05236   5.8600E-01 -1.4257E-02  5.8617E-01   -1.394
    18    3   0.1209  -0.2094   0.0000  0.05236   2.6577E-01 -8.8259E-03  2.6592E-01   -1.902
    19    5   0.2418   0.1948   0.0000  0.04870  -1.9778E-01 -7.7894E-02  2.1257E-01 -158.503
    20    5   0.2418   0.1461   0.0000  0.04870  -4.2874E-01 -1.6586E-01  4.5970E-01 -158.850
    21    5   0.2418   0.0974   0.0000  0.04870  -5.9603E-01 -2.2806E-01  6.3817E-01 -159.061
    22    5   0.2418   0.0487   0.0000  0.04870  -7.0165E-01 -2.6705E-01  7.5075E-01 -159.163
    23    5   0.2418   0.0000   0.0000  0.04870  -7.3774E-01 -2.8036E-01  7.8922E-01 -159.192
    24    5   0.2418  -0.0487   0.0000  0.04870  -7.0165E-01 -2.6705E-01  7.5075E-01 -159.163
    25    5   0.2418  -0.0974   0.0000  0.04870  -5.9603E-01 -2.2806E-01  6.3817E-01 -159.061
    26    5   0.2418  -0.1461   0.0000  0.04870  -4.2874E-01 -1.6586E-01  4.5970E-01 -158.850
    27    5   0.2418  -0.1948   0.0000  0.04870  -1.9778E-01 -7.7894E-02  2.1257E-01 -158.503
    28 9901   0.0000   0.00003477.5695  0.00109  -5.5303E-06  1.9663E-14  5.5303E-06  180.000



                                        - - - POWER BUDGET - - -

                                           INPUT POWER   = 3.7071E+00 WATTS
                                           RADIATED POWER= 3.7071E+00 WATTS
                                           STRUCTURE LOSS= 0.0000E+00 WATTS
                                           NETWORK LOSS  =-1.7764E-15 WATTS
                                           EFFICIENCY    = 100.00 PERCENT



                                                - - - RADIATION PATTERNS - - -

  - - ANGLES - -           - POWER GAINS -       - - - POLARIZATION - - -    - - - E(THETA) - - -    - - - E(PHI) - - -
  THETA     PHI        VERT.   HOR.    TOTAL      AXIAL     TILT   SENSE     MAGNITUDE    PHASE      MAGNITUDE    PHASE 
 DEGREES  DEGREES       DB      DB      DB        RATIO     DEG.              VOLTS/M    DEGREES      VOLTS/M    DEGREES
 -180.00     0.00    -145.66   -2.20   -2.20    0.00000    90.00  LINEAR    7.76865E-07    64.97    1.15747E+01    -5.77
 -175.00     0.00    -145.70   -3.13   -3.13    0.00000   -90.00  LINEAR    7.73909E-07   148.92    1.03927E+01   -17.37
 -170.00     0.00    -145.79   -4.09   -4.09    0.00000    90.00  LINEAR    7.65063E-07     4.53    9.31413E+00   -29.18
 -165.00     0.00    -145.96   -5.08   -5.08    0.00000    90.00  LINEAR    7.50394E-07  -116.72    8.30687E+00   -41.11
 -160.00     0.00    -146.20   -6.15   -6.15    0.00000    90.00  LINEAR    7.30015E-07   -34.71    7.34335E+00   -53.23
 -155.00     0.00    -146.52   -7.34   -7.34    0.00000    90.00  LINEAR    7.04079E-07     0.60    6.40721E+00   -65.76
 -150.00     0.00    -146.91   -8.66   -8.66    0.00000   -90.00  LINEAR    6.72785E-07    31.12    5.49965E+00   -79.15
 -145.00     0.00    -147.39  -10.13  -10.13    0.00000   -90.00  LINEAR    6.36371E-07    33.05    4.64621E+00   -94.16
 -140.00     0.00    -147.98  -11.63  -11.63    0.00000    90.00  LINEAR    5.95113E-07   -80.21    3.90587E+00  -111.93
 -135.00     0.00    -148.67  -12.90  -12.90    0.00000    90.00  LINEAR    5.49327E-07   -94.68    3.37751E+00  -133.41
 -130.00     0.00    -149.50  -13.44  -13.44    0.00000    90.00  LINEAR    4.99359E-07   148.10    3.17353E+00  -157.66
 -125.00     0.00    -150.49  -13.02  -13.02    0.00000   -90.00  LINEAR    4.45591E-07    35.30    3.32912E+00   179.21
 -120.00     0.00    -151.68  -11.99  -11.99    0.00000   -90.00  LINEAR    3.88432E-07   -12.51    3.75010E+00   160.71
 -115.00     0.00    -153.14  -10.81  -10.81    0.00000   -90.00  LINEAR    3.28317E-07    23.62    4.29390E+00   147.28
 -110.00     0.00    -154.98   -9.76   -9.76    0.00000    90.00  LINEAR    2.65703E-07   126.42    4.84716E+00   137.85
 -105.00     0.00    -157.40   -8.93   -8.93    0.00000   -90.00  LINEAR    2.01067E-07  -112.04    5.33568E+00   131.37
 -100.00     0.00    -160.87   -8.33   -8.33    0.00000   -90.00  LINEAR    1.34901E-07   -44.50    5.71271E+00   127.15
  -95.00     0.00    -166.86   -7.98   -7.98    0.00000   -90.00  LINEAR    6.77082E-08  -122.46    5.94944E+00   124.75
  -90.00     0.00    -999.99   -7.86   -7.86    0.00000   -90.00  LINEAR    3.96466E-18   -90.00    6.03004E+00   123.98
  -85.00     0.00    -166.86   -7.98   -7.98    0.00000    90.00  LINEAR    6.77082E-08   122.46    5.94944E+00   124.75
  -80.00     0.00    -160.87   -8.33   -8.33    0.00000    90.00  LINEAR    1.34901E-07    44.50    5.71271E+00   127.15
  -75.00     0.00    -157.40   -8.93   -8.93    0.00000    90.00  LINEAR    2.01067E-07   112.04    5.33568E+00   131.37
  -70.00     0.00    -154.98   -9.76   -9.76    0.00000   -90.00  LINEAR    2.65703E-07  -126.42    4.84716E+00   137.85
  -65.00     0.00    -153.14  -10.81  -10.81    0.00000   -90.00  LINEAR    3.28317E-07   -23.62    4.29390E+00   147.28
  -60.00     0.00    -151.68  -11.99  -11.99    0.00000   -90.00  LINEAR    3.88432E-07    12.51    3.75010E+00   160.71
  -55.00     0.00    -150.49  -13.02  -13.02    0.00000   -90.00  LINEAR    4.45591E-07   -35.30    3.32912E+00   179.21
  -50.00     0.00    -149.50  -13.44  -13.44    0.00000    90.00  LINEAR    4.99359E-07  -148.10    3.17353E+00  -157.66
  -45.00     0.00    -148.67  -12.90  -12.90    0.00000   -90.00  LINEAR    5.49327E-07    94.68    3.37751E+00  -133.41
  -40.00     0.00    -147.98  -11.63  -11.63    0.00000   -90.00  LINEAR    5.95113E-07    80.21    3.90587E+00  -111.93
  -35.00     0.00    -147.39  -10.13  -10.13    0.00000    90.00  LINEAR    6.36371E-07   -33.05    4.64621E+00   -94.16
  -30.00     0.00    -146.91   -8.66   -8.66    0.00000    90.00  LINEAR    6.72785E-07   -31.12    5.49965E+00   -79.15
  -25.00     0.00    -146.52   -7.34   -7.34    0.00000    90.00  LINEAR    7.04079E-07    -0.60    6.40721E+00   -65.76
  -20.00     0.00    -146.20   -6.15   -6.15    0.00000    90.00  LINEAR    7.30015E-07    34.71    7.34335E+00   -53.23
  -15.00     0.00    -145.96   -5.08   -5.08    0.00000   -90.00  LINEAR    7.50394E-07   116.72    8.30687E+00   -41.11
  -10.00     0.00    -145.79   -4.09   -4.09    0.00000    90.00  LINEAR    7.65063E-07    -4.53    9.31413E+00   -29.18
   -5.00     0.00    -145.70   -3.13   -3.13    0.00000   -90.00  LINEAR    7.73909E-07  -148.92    1.03927E+01   -17.37
    0.00     0.00    -145.66   -2.20   -2.20    0.00000    90.00  LINEAR    7.76865E-07   -64.97    1.15747E+01    -5.77
    5.00     0.00    -145.70   -1.26   -1.26    0.00000   -90.00  LINEAR    7.73909E-07  -148.92    1.28893E+01     5.52
   10.00     0.00    -145.79   -0.33   -0.33    0.00000    90.00  LINEAR    7.65063E-07    -4.53    1.43567E+01    16.34
   15.00     0.00    -145.96    0.60    0.60    0.00000   -90.00  LINEAR    7.50394E-07   116.72    1.59837E+01    26.56
   20.00     0.00    -146.20    1.52    1.52    0.00000    90.00  LINEAR    7.30015E-07    34.71    1.77627E+01    36.10
   25.00     0.00    -146.52    2.41    2.41    0.00000    90.00  LINEAR    7.04079E-07    -0.60    1.96722E+01    44.89
   30.00     0.00    -146.91    3.25    3.25    0.00000    90.00  LINEAR    6.72785E-07   -31.12    2.16799E+01    52.93
   35.00     0.00    -147.39    4.04    4.04    0.00000   -90.00  LINEAR    6.36371E-07   -33.05    2.37457E+01    60.20
   40.00     0.00    -147.98    4.77    4.77    0.00000    90.00  LINEAR    5.95113E-07    80.21    2.58251E+01    66.75
   45.00     0.00    -148.67    5.43    5.43    0.00000    90.00  LINEAR    5.49327E-07    94.68    2.78718E+01    72.59
   50.00     0.00    -149.50    6.03    6.03    0.00000   -90.00  LINEAR    4.99359E-07  -148.10    2.98397E+01    77.74
   55.00     0.00    -150.49    6.55    6.55    0.00000   -90.00  LINEAR    4.45591E-07   -35.30    3.16855E+01    82.24
   60.00     0.00    -151.68    7.00    7.00    0.00000    90.00  LINEAR    3.88432E-07    12.51    3.33691E+01    86.11
   65.00     0.00    -153.14    7.38    7.38    0.00000   -90.00  LINEAR    3.28317E-07   -23.62    3.48549E+01    89.35
   70.00     0.00    -154.98    7.68    7.68    0.00000   -90.00  LINEAR    2.65703E-07  -126.42    3.61124E+01    91.99
   75.00     0.00    -157.40    7.92    7.92    0.00000    90.00  LINEAR    2.01067E-07   112.04    3.71166E+01    94.03
   80.00     0.00    -160.87    8.09    8.09    0.00000    90.00  LINEAR    1.34901E-07    44.50    3.78478E+01    95.49
   85.00     0.00    -166.86    8.19    8.19    0.00000    90.00  LINEAR    6.77082E-08   122.46    3.82921E+01    96.36
   90.00     0.00    -999.99    8.23    8.23    0.00000   -90.00  LINEAR    3.96466E-18   -90.00    3.84411E+01    96.65
   95.00     0.00    -166.86    8.19    8.19    0.00000   -90.00  LINEAR    6.77082E-08  -122.46    3.82921E+01    96.36
  100.00     0.00    -160.87    8.09    8.09    0.00000   -90.00  LINEAR    1.34901E-07   -44.50    3.78478E+01    95.49
  105.00     0.00    -157.40    7.92    7.92    0.00000   -90.00  LINEAR    2.01067E-07  -112.04    3.71166E+01    94.03
  110.00     0.00    -154.98    7.68    7.68    0.00000    90.00  LINEAR    2.65703E-07   126.42    3.61124E+01    91.99
  115.00     0.00    -153.14    7.38    7.38    0.00000    90.00  LINEAR    3.28317E-07    23.62    3.48549E+01    89.35
  120.00     0.00    -151.68    7.00    7.00    0.00000   -90.00  LINEAR    3.88432E-07   -12.51    3.33691E+01    86.11
  125.00     0.00    -150.49    6.55    6.55    0.00000    90.00  LINEAR    4.45591E-07    35.30    3.16855E+01    82.24
  130.00     0.00    -149.50    6.03    6.03    0.00000    90.00  LINEAR    4.99359E-07   148.10    2.98397E+01    77.74
  135.00     0.00    -148.67    5.43    5.43    0.00000   -90.00  LINEAR    5.49327E-07   -94.68    2.78718E+01    72.59
  140.00     0.00    -147.98    4.77    4.77    0.00000   -90.00  LINEAR    5.95113E-07   -80.21    2.58251E+01    66.75
  145.00     0.00    -147.39    4.04    4.04    0.00000    90.00  LINEAR    6.36371E-07    33.05    2.37457E+01    60.20
  150.00     0.00    -146.91    3.25    3.25    0.00000    90.00  LINEAR    6.72785E-07    31.12    2.16799E+01    52.93
  155.00     0.00    -146.52    2.41    2.41    0.00000    90.00  LINEAR    7.04079E-07     0.60    1.96722E+01    44.89
  160.00     0.00    -146.20    1.52    1.52    0.00000    90.00  LINEAR    7.30015E-07   -34.71    1.77627E+01    36.10
  165.00     0.00    -145.96    0.60    0.60    0.00000   -90.00  LINEAR    7.50394E-07  -116.72    1.59837E+01    26.56
  170.00     0.00    -145.79   -0.33   -0.33    0.00000    90.00  LINEAR    7.65063E-07     4.53    1.43567E+01    16.34
  175.00     0.00    -145.70   -1.26   -1.26    0.00000   -90.00  LINEAR    7.73909E-07   148.92    1.28893E+01     5.52
  180.00     0.00    -145.66   -2.20   -2.20    0.00000    90.00  LINEAR    7.76865E-07    64.97    1.15747E+01    -5.77




                                 - - - - - - FREQUENCY - - - - - -

                                    FREQUENCY= 1.0630E+02 MHZ
                                    WAVELENGTH= 2.8203E+00 METERS




                    APPROXIMATE INTEGRATION EMPLOYED FOR SEGMENTS MORE THAN   1.000 WAVELENGTHS APART

                    THE EXTENDED THIN WIRE KERNEL WILL BE USED



                               - - - STRUCTURE IMPEDANCE LOADING - - -

                                   THIS STRUCTURE IS NOT LOADED



                                  - - - ANTENNA ENVIRONMENT - - -

                                            FREE SPACE



                                - - - MATRIX TIMING - - -

                        FILL=    0.000 SEC.,  FACTOR=    0.000 SEC.



                                            - - - NETWORK DATA - - -

      - FROM -    - TO -                          -  -  ADMITTANCE MATRIX ELEMENTS (MHOS)  -  -
      TAG  SEG.   TAG  SEG.             (ONE,ONE)                   (ONE,TWO)                   (TWO,TWO)
      NO.   NO.   NO.   NO.        REAL          IMAG.         REAL          IMAG.         REAL          IMAG.
     9901    28     3    14     0.0000E+00    0.0000E+00    0.0000E+00    1.0000E+00    0.0000E+00    0.0000E+00           



                           - - - STRUCTURE EXCITATION DATA AT NETWORK CONNECTION POINTS - - -

   TAG   SEG.    VOLTAGE (VOLTS)         CURRENT (AMPS)         IMPEDANCE (OHMS)        ADMITTANCE (MHOS)      POWER
   NO.   NO.    REAL        IMAG.       REAL        IMAG.       REAL        IMAG.       REAL        IMAG.     (WATTS)
     3    14 6.04568E+00 2.08699E+01 1.00000E+00 2.34839E-16 6.04568E+00 2.08699E+01 1.28059E-02-4.42063E-02 3.02284E+00
  9901    28 0.00000E+00 1.00000E+00-5.58279E-06 2.04208E-14 6.55194E-04-1.79122E+05 2.04208E-14 5.58279E-06 1.02104E-14



                                          - - - ANTENNA INPUT PARAMETERS - - -

   TAG   SEG.    VOLTAGE (VOLTS)         CURRENT (AMPS)         IMPEDANCE (OHMS)        ADMITTANCE (MHOS)      POWER
   NO.   NO.    REAL        IMAG.       REAL        IMAG.       REAL        IMAG.       REAL        IMAG.     (WATTS)
  9901    28 0.00000E+00 1.00000E+00-2.08699E+01 6.04568E+00 1.28058E-02-4.42063E-02 6.04568E+00 2.08699E+01 3.02284E+00



                             - - - CURRENTS AND LOCATION - - -

                                 DISTANCES IN WAVELENGTHS


  SEG.  TAG    COORD. OF SEG. CENTER     SEG.            - - - CURRENT (AMPS) - - -
  NO.   NO.     X        Y        Z      LENGTH     REAL        IMAG.       MAG.        PHASE
     1    1   0.0000   0.2213   0.0000  0.05531  -8.2599E-02  1.8962E-02  8.4747E-02  167.071
     2    1   0.0000   0.1659   0.0000  0.05531  -1.9273E-01  4.2636E-02  1.9739E-01  167.526
     3    1   0.0000   0.1106   0.0000  0.05531  -2.7953E-01  6.0385E-02  2.8598E-01  167.810
     4    1   0.0000   0.0553   0.0000  0.05531  -3.3622E-01  7.1736E-02  3.4379E-01  167.956
     5    1   0.0000   0.0000   0.0000  0.05531  -3.5581E-01  7.5623E-02  3.6376E-01  168.001
     6    1   0.0000  -0.0553   0.0000  0.05531  -3.3622E-01  7.1736E-02  3.4379E-01  167.956
     7    1   0.0000  -0.1106   0.0000  0.05531  -2.7953E-01  6.0385E-02  2.8598E-01  167.810
     8    1   0.0000  -0.1659   0.0000  0.05531  -1.9273E-01  4.2636E-02  1.9739E-01  167.526
     9    1   0.0000  -0.2213   0.0000  0.05531  -8.2599E-02  1.8962E-02  8.4747E-02  167.071
    10    3   0.1220   0.2114   0.0000  0.05285   2.7050E-01 -7.2716E-03  2.7059E-01   -1.540
    11    3   0.1220   0.1586   0.0000  0.05285   5.9539E-01 -1.1752E-02  5.9550E-01   -1.131
    12    3   0.1220   0.1057   0.0000  0.05285   8.3030E-01 -1.1069E-02  8.3037E-01   -0.764
    13    3   0.1220   0.0529   0.0000  0.05285   9.6960E-01 -6.6990E-03  9.6962E-01   -0.396
    14    3   0.1220   0.0000   0.0000  0.05285   1.0000E+00  2.3484E-16  1.0000E+00    0.000
    15    3   0.1220  -0.0529   0.0000  0.05285   9.6960E-01 -6.6990E-03  9.6962E-01   -0.396
    16    3   0.1220  -0.1057   0.0000  0.05285   8.3030E-01 -1.1069E-02  8.3037E-01   -0.764
    17    3   0.1220  -0.1586   0.0000  0.05285   5.9539E-01 -1.1752E-02  5.9550E-01   -1.131
    18    3   0.1220  -0.2114   0.0000  0.05285   2.7050E-01 -7.2716E-03  2.7059E-01   -1.540
    19    5   0.2441   0.1967   0.0000  0.04917  -2.0253E-01 -6.4823E-02  2.1265E-01 -162.252
    20    5   0.2441   0.1475   0.0000  0.04917  -4.3933E-01 -1.3821E-01  4.6056E-01 -162.536
    21    5   0.2441   0.0983   0.0000  0.04917  -6.1095E-01 -1.9022E-01  6.3988E-01 -162.706
    22    5   0.2441   0.0492   0.0000  0.04917  -7.1925E-01 -2.2286E-01  7.5299E-01 -162.785
    23    5   0.2441   0.0000   0.0000  0.04917  -7.5624E-01 -2.3401E-01  7.9162E-01 -162.806
    24    5   0.2441  -0.0492   0.0000  0.04917  -7.1925E-01 -2.2286E-01  7.5299E-01 -162.785
    25    5   0.2441  -0.0983   0.0000  0.04917  -6.1095E-01 -1.9022E-01  6.3988E-01 -162.706
    26    5   0.2441  -0.1475   0.0000  0.04917  -4.3933E-01 -1.3821E-01  4.6056E-01 -162.536
    27    5   0.2441  -0.1967   0.0000  0.04917  -2.0253E-01 -6.4823E-02  2.1265E-01 -162.252
    28 9901   0.0000   0.00003510.5949  0.00110  -5.5828E-06  2.0421E-14  5.5828E-06  180.000



                                        - - - POWER BUDGET - - -

                                           INPUT POWER   = 3.0228E+00 WATTS
                                           RADIATED POWER= 3.0228E+00 WATTS
                                           STRUCTURE LOSS= 0.0000E+00 WATTS
                                           NETWORK LOSS  =-4.4409E-15 WATTS
                                           EFFICIENCY    = 100.00 PERCENT



                                                - - - RADIATION PATTERNS - - -

  - - ANGLES - -           - POWER GAINS -       - - - POLARIZATION - - -    - - - E(THETA) - - -    - - - E(PHI) - - -
  THETA     PHI        VERT.   HOR.    TOTAL      AXIAL     TILT   SENSE     MAGNITUDE    PHASE      MAGNITUDE    PHASE 
 DEGREES  DEGREES       DB      DB      DB        RATIO     DEG.              VOLTS/M    DEGREES      VOLTS/M    DEGREES
 -180.00     0.00    -144.61   -2.75   -2.75    0.00000    90.00  LINEAR    7.91691E-07    55.85    9.80990E+00   -16.39
 -175.00     0.00    -144.64   -3.63   -3.63    0.00000   -90.00  LINEAR    7.88678E-07  -174.96    8.85980E+00   -29.53
 -170.00     0.00    -144.74   -4.52   -4.52    0.00000   -90.00  LINEAR    7.79663E-07   176.02    7.99972E+00   -42.87
 -165.00     0.00    -144.91   -5.45   -5.45    0.00000    90.00  LINEAR    7.64715E-07   -80.73    7.19118E+00   -56.41
 -160.00     0.00    -145.15   -6.45   -6.45    0.00000    90.00  LINEAR    7.43946E-07   -46.83    6.40870E+00   -70.36
 -155.00     0.00    -145.47   -7.54   -7.54    0.00000   -90.00  LINEAR    7.17515E-07    25.39    5.64899E+00   -85.18
 -150.00     0.00    -145.86   -8.71   -8.71    0.00000    90.00  LINEAR    6.85624E-07   174.84    4.93953E+00  -101.59
 -145.00     0.00    -146.34   -9.82   -9.82    0.00000   -90.00  LINEAR    6.48515E-07    14.05    4.34655E+00  -120.44
 -140.00     0.00    -146.93  -10.60  -10.60    0.00000    90.00  LINEAR    6.06470E-07   172.19    3.97329E+00  -142.05
 -135.00     0.00    -147.62  -10.72  -10.72    0.00000    90.00  LINEAR    5.59810E-07   138.44    3.92071E+00  -165.00
 -130.00     0.00    -148.45  -10.10  -10.10    0.00000   -90.00  LINEAR    5.08889E-07    65.92    4.20943E+00   173.79
 -125.00     0.00    -149.44   -9.04   -9.04    0.00000   -90.00  LINEAR    4.54095E-07    55.98    4.75606E+00   156.53
 -120.00     0.00    -150.63   -7.87   -7.87    0.00000    90.00  LINEAR    3.95845E-07   162.92    5.43819E+00   143.44
 -115.00     0.00    -152.09   -6.80   -6.80    0.00000   -90.00  LINEAR    3.34583E-07    39.06    6.15055E+00   133.76
 -110.00     0.00    -153.93   -5.91   -5.91    0.00000   -90.00  LINEAR    2.70774E-07    20.10    6.81658E+00   126.69
 -105.00     0.00    -156.35   -5.22   -5.22    0.00000    90.00  LINEAR    2.04904E-07    50.83    7.38256E+00   121.65
 -100.00     0.00    -159.82   -4.73   -4.73    0.00000    90.00  LINEAR    1.37476E-07    50.98    7.81124E+00   118.27
  -95.00     0.00    -165.81   -4.44   -4.44    0.00000   -90.00  LINEAR    6.90003E-08   -78.66    8.07790E+00   116.32
  -90.00     0.00    -999.99   -4.34   -4.34    0.00000   -90.00  LINEAR    4.04032E-18   -90.00    8.16834E+00   115.68
  -85.00     0.00    -165.81   -4.44   -4.44    0.00000    90.00  LINEAR    6.90003E-08    78.66    8.07790E+00   116.32
  -80.00     0.00    -159.82   -4.73   -4.73    0.00000   -90.00  LINEAR    1.37476E-07   -50.98    7.81124E+00   118.27
  -75.00     0.00    -156.35   -5.22   -5.22    0.00000   -90.00  LINEAR    2.04904E-07   -50.83    7.38256E+00   121.65
  -70.00     0.00    -153.93   -5.91   -5.91    0.00000   -90.00  LINEAR    2.70774E-07   -20.10    6.81658E+00   126.69
  -65.00     0.00    -152.09   -6.80   -6.80    0.00000   -90.00  LINEAR    3.34583E-07   -39.06    6.15055E+00   133.76
  -60.00     0.00    -150.63   -7.87   -7.87    0.00000    90.00  LINEAR    3.95845E-07  -162.92    5.43819E+00   143.44
  -55.00     0.00    -149.44   -9.04   -9.04    0.00000   -90.00  LINEAR    4.54095E-07   -55.98    4.75606E+00   156.53
  -50.00     0.00    -148.45  -10.10  -10.10    0.00000   -90.00  LINEAR    5.08889E-07   -65.92    4.20943E+00   173.79
  -45.00     0.00    -147.62  -10.72  -10.72    0.00000    90.00  LINEAR    5.59810E-07  -138.44    3.92071E+00  -165.00
  -40.00     0.00    -146.93  -10.60  -10.60    0.00000    90.00  LINEAR    6.06470E-07  -172.19    3.97329E+00  -142.05
  -35.00     0.00    -146.34   -9.82   -9.82    0.00000   -90.00  LINEAR    6.48515E-07   -14.05    4.34655E+00  -120.44
  -30.00     0.00    -145.86   -8.71   -8.71    0.00000    90.00  LINEAR    6.85624E-07  -174.84    4.93953E+00  -101.59
  -25.00     0.00    -145.47   -7.54   -7.54    0.00000    90.00  LINEAR    7.17515E-07   -25.39    5.64899E+00   -85.18
  -20.00     0.00    -145.15   -6.45   -6.45    0.00000   -90.00  LINEAR    7.43946E-07    46.83    6.40870E+00   -70.36
  -15.00     0.00    -144.91   -5.45   -5.45    0.00000   -90.00  LINEAR    7.64715E-07    80.73    7.19118E+00   -56.41
  -10.00     0.00    -144.74   -4.52   -4.52    0.00000   -90.00  LINEAR    7.79663E-07  -176.02    7.99972E+00   -42.87
   -5.00     0.00    -144.64   -3.63   -3.63    0.00000   -90.00  LINEAR    7.88678E-07   174.96    8.85980E+00   -29.53
    0.00     0.00    -144.61   -2.75   -2.75    0.00000    90.00  LINEAR    7.91691E-07   -55.85    9.80990E+00   -16.39
    5.00     0.00    -144.64   -1.84   -1.84    0.00000   -90.00  LINEAR    7.88678E-07   174.96    1.08912E+01    -3.56
   10.00     0.00    -144.74   -0.90   -0.90    0.00000   -90.00  LINEAR    7.79663E-07  -176.02    1.21372E+01     8.75
   15.00     0.00    -144.91    0.07    0.07    0.00000    90.00  LINEAR    7.64715E-07    80.73    1.35663E+01    20.36
   20.00     0.00    -145.15    1.04    1.04    0.00000    90.00  LINEAR    7.43946E-07    46.83    1.51776E+01    31.11
   25.00     0.00    -145.47    2.00    2.00    0.00000    90.00  LINEAR    7.17515E-07   -25.39    1.69527E+01    40.94
   30.00     0.00    -145.86    2.93    2.93    0.00000   -90.00  LINEAR    6.85624E-07  -174.84    1.88583E+01    49.83
   35.00     0.00    -146.34    3.80    3.80    0.00000    90.00  LINEAR    6.48515E-07   -14.05    2.08515E+01    57.80
   40.00     0.00    -146.93    4.61    4.61    0.00000   -90.00  LINEAR    6.06470E-07  -172.19    2.28834E+01    64.89
   45.00     0.00    -147.62    5.34    5.34    0.00000   -90.00  LINEAR    5.59810E-07  -138.44    2.49032E+01    71.16
   50.00     0.00    -148.45    6.00    6.00    0.00000   -90.00  LINEAR    5.08889E-07   -65.92    2.68605E+01    76.65
   55.00     0.00    -149.44    6.58    6.58    0.00000   -90.00  LINEAR    4.54095E-07   -55.98    2.87075E+01    81.41
   60.00     0.00    -150.63    7.07    7.07    0.00000   -90.00  LINEAR    3.95845E-07  -162.92    3.04001E+01    85.47
   65.00     0.00    -152.09    7.49    7.49    0.00000   -90.00  LINEAR    3.34583E-07   -39.06    3.18996E+01    88.87
   70.00     0.00    -153.93    7.83    7.83    0.00000   -90.00  LINEAR    2.70774E-07   -20.10    3.31724E+01    91.62
   75.00     0.00    -156.35    8.10    8.10    0.00000   -90.00  LINEAR    2.04904E-07   -50.83    3.41909E+01    93.75
   80.00     0.00    -159.82    8.28    8.28    0.00000   -90.00  LINEAR    1.37476E-07   -50.98    3.49338E+01    95.26
   85.00     0.00    -165.81    8.39    8.39    0.00000    90.00  LINEAR    6.90003E-08    78.66    3.53856E+01    96.17
   90.00     0.00    -999.99    8.43    8.43    0.00000   -90.00  LINEAR    4.04032E-18   -90.00    3.55372E+01    96.47
   95.00     0.00    -165.81    8.39    8.39    0.00000   -90.00  LINEAR    6.90003E-08   -78.66    3.53856E+01    96.17
  100.00     0.00    -159.82    8.28    8.28    0.00000    90.00  LINEAR    1.37476E-07    50.98    3.49338E+01    95.26
  105.00     0.00    -156.35    8.10    8.10    0.00000    90.00  LINEAR    2.04904E-07    50.83    3.41909E+01    93.75
  110.00     0.00    -153.93    7.83    7.83    0.00000    90.00  LINEAR    2.70774E-07    20.10    3.31724E+01    91.62
  115.00     0.00    -152.09    7.49    7.49    0.00000    90.00  LINEAR    3.34583E-07    39.06    3.18996E+01    88.87
  120.00     0.00    -150.63    7.07    7.07    0.00000    90.00  LINEAR    3.95845E-07   162.92    3.04001E+01    85.47
  125.00     0.00    -149.44    6.58    6.58    0.00000    90.00  LINEAR    4.54095E-07    55.98    2.87075E+01    81.41
  130.00     0.00    -148.45    6.00    6.00    0.00000    90.00  LINEAR    5.08889E-07    65.92    2.68605E+01    76.65
  135.00     0.00    -147.62    5.34    5.34    0.00000    90.00  LINEAR    5.59810E-07   138.44    2.49032E+01    71.16
  140.00     0.00    -146.93    4.61    4.61    0.00000   -90.00  LINEAR    6.06470E-07   172.19    2.28834E+01    64.89
  145.00     0.00    -146.34    3.80    3.80    0.00000    90.00  LINEAR    6.48515E-07    14.05    2.08515E+01    57.80
  150.00     0.00    -145.86    2.93    2.93    0.00000   -90.00  LINEAR    6.85624E-07   174.84    1.88583E+01    49.83
  155.00     0.00    -145.47    2.00    2.00    0.00000    90.00  LINEAR    7.17515E-07    25.39    1.69527E+01    40.94
  160.00     0.00    -145.15    1.04    1.04    0.00000    90.00  LINEAR    7.43946E-07   -46.83    1.51776E+01    31.11
  165.00     0.00    -144.91    0.07    0.07    0.00000   -90.00  LINEAR    7.64715E-07   -80.73    1.35663E+01    20.36
  170.00     0.00    -144.74   -0.90   -0.90    0.00000   -90.00  LINEAR    7.79663E-07   176.02    1.21372E+01     8.75
  175.00     0.00    -144.64   -1.84   -1.84    0.00000   -90.00  LINEAR    7.88678E-07  -174.96    1.08912E+01    -3.56
  180.00     0.00    -144.61   -2.75   -2.75    0.00000    90.00  LINEAR    7.91691E-07    55.85    9.80990E+00   -16.39




                                 - - - - - - FREQUENCY - - - - - -

                                    FREQUENCY= 1.0730E+02 MHZ
                                    WAVELENGTH= 2.7940E+00 METERS




                    APPROXIMATE INTEGRATION EMPLOYED FOR SEGMENTS MORE THAN   1.000 WAVELENGTHS APART

                    THE EXTENDED THIN WIRE KERNEL WILL BE USED



                               - - - STRUCTURE IMPEDANCE LOADING - - -

                                   THIS STRUCTURE IS NOT LOADED



                                  - - - ANTENNA ENVIRONMENT - - -

                                            FREE SPACE



                                - - - MATRIX TIMING - - -

                        FILL=    0.016 SEC.,  FACTOR=    0.000 SEC.



                                            - - - NETWORK DATA - - -

      - FROM -    - TO -                          -  -  ADMITTANCE MATRIX ELEMENTS (MHOS)  -  -
      TAG  SEG.   TAG  SEG.             (ONE,ONE)                   (ONE,TWO)                   (TWO,TWO)
      NO.   NO.   NO.   NO.        REAL          IMAG.         REAL          IMAG.         REAL          IMAG.
     9901    28     3    14     0.0000E+00    0.0000E+00    0.0000E+00    1.0000E+00    0.0000E+00    0.0000E+00           



                           - - - STRUCTURE EXCITATION DATA AT NETWORK CONNECTION POINTS - - -

   TAG   SEG.    VOLTAGE (VOLTS)         CURRENT (AMPS)         IMPEDANCE (OHMS)        ADMITTANCE (MHOS)      POWER
   NO.   NO.    REAL        IMAG.       REAL        IMAG.       REAL        IMAG.       REAL        IMAG.     (WATTS)
     3    14 4.95895E+00 2.86319E+01 1.00000E+00 0.00000E+00 4.95895E+00 2.86319E+01 5.87291E-03-3.39089E-02 2.47947E+00
  9901    28 0.00000E+00 1.00000E+00-5.63531E-06 2.12001E-14 6.67579E-04-1.77453E+05 2.12001E-14 5.63531E-06 1.06000E-14



                                          - - - ANTENNA INPUT PARAMETERS - - -

   TAG   SEG.    VOLTAGE (VOLTS)         CURRENT (AMPS)         IMPEDANCE (OHMS)        ADMITTANCE (MHOS)      POWER
   NO.   NO.    REAL        IMAG.       REAL        IMAG.       REAL        IMAG.       REAL        IMAG.     (WATTS)
  9901    28 0.00000E+00 1.00000E+00-2.86319E+01 4.95895E+00 5.87291E-03-3.39089E-02 4.95895E+00 2.86319E+01 2.47947E+00



                             - - - CURRENTS AND LOCATION - - -

                                 DISTANCES IN WAVELENGTHS


  SEG.  TAG    COORD. OF SEG. CENTER     SEG.            - - - CURRENT (AMPS) - - -
  NO.   NO.     X        Y        Z      LENGTH     REAL        IMAG.       MAG.        PHASE
     1    1   0.0000   0.2233   0.0000  0.05583  -8.7308E-02  1.7786E-02  8.9101E-02  168.486
     2    1   0.0000   0.1675   0.0000  0.05583  -2.0338E-01  3.9998E-02  2.0728E-01  168.874
     3    1   0.0000   0.1117   0.0000  0.05583  -2.9456E-01  5.6662E-02  2.9996E-01  169.111
     4    1   0.0000   0.0558   0.0000  0.05583  -3.5391E-01  6.7332E-02  3.6026E-01  169.228
     5    1   0.0000   0.0000   0.0000  0.05583  -3.7437E-01  7.0991E-02  3.8104E-01  169.263
     6    1   0.0000  -0.0558   0.0000  0.05583  -3.5391E-01  6.7332E-02  3.6026E-01  169.228
     7    1   0.0000  -0.1117   0.0000  0.05583  -2.9456E-01  5.6662E-02  2.9996E-01  169.111
     8    1   0.0000  -0.1675   0.0000  0.05583  -2.0338E-01  3.9998E-02  2.0728E-01  168.874
     9    1   0.0000  -0.2233   0.0000  0.05583  -8.7308E-02  1.7786E-02  8.9101E-02  168.486
    10    3   0.1232   0.2134   0.0000  0.05335   2.7563E-01 -5.9158E-03  2.7569E-01   -1.230
    11    3   0.1232   0.1601   0.0000  0.05335   6.0551E-01 -9.6124E-03  6.0558E-01   -0.909
    12    3   0.1232   0.1067   0.0000  0.05335   8.4174E-01 -9.0998E-03  8.4179E-01   -0.619
    13    3   0.1232   0.0534   0.0000  0.05335   9.7757E-01 -5.5296E-03  9.7758E-01   -0.324
    14    3   0.1232   0.0000   0.0000  0.05335   1.0000E+00  0.0000E+00  1.0000E+00    0.000
    15    3   0.1232  -0.0534   0.0000  0.05335   9.7757E-01 -5.5295E-03  9.7758E-01   -0.324
    16    3   0.1232  -0.1067   0.0000  0.05335   8.4174E-01 -9.0998E-03  8.4179E-01   -0.619
    17    3   0.1232  -0.1601   0.0000  0.05335   6.0551E-01 -9.6124E-03  6.0558E-01   -0.909
    18    3   0.1232  -0.2134   0.0000  0.05335   2.7563E-01 -5.9158E-03  2.7569E-01   -1.230
    19    5   0.2464   0.1985   0.0000  0.04963  -2.0597E-01 -5.2561E-02  2.1257E-01 -165.684
    20    5   0.2464   0.1489   0.0000  0.04963  -4.4716E-01 -1.1223E-01  4.6103E-01 -165.911
    21    5   0.2464   0.0993   0.0000  0.04963  -6.2207E-01 -1.5461E-01  6.4100E-01 -166.043
    22    5   0.2464   0.0496   0.0000  0.04963  -7.3242E-01 -1.8124E-01  7.5451E-01 -166.101
    23    5   0.2464   0.0000   0.0000  0.04963  -7.7009E-01 -1.9034E-01  7.9327E-01 -166.116
    24    5   0.2464  -0.0496   0.0000  0.04963  -7.3242E-01 -1.8124E-01  7.5451E-01 -166.101
    25    5   0.2464  -0.0993   0.0000  0.04963  -6.2207E-01 -1.5461E-01  6.4100E-01 -166.043
    26    5   0.2464  -0.1489   0.0000  0.04963  -4.4716E-01 -1.1223E-01  4.6102E-01 -165.911
    27    5   0.2464  -0.1985   0.0000  0.04963  -2.0597E-01 -5.2561E-02  2.1257E-01 -165.684
    28 9901   0.0000   0.00003543.6202  0.00111  -5.6353E-06  2.1200E-14  5.6353E-06  180.000



                                        - - - POWER BUDGET - - -

                                           INPUT POWER   = 2.4795E+00 WATTS
                                           RADIATED POWER= 2.4795E+00 WATTS
                                           STRUCTURE LOSS= 0.0000E+00 WATTS
                                           NETWORK LOSS  =-2.6645E-15 WATTS
                                           EFFICIENCY    = 100.00 PERCENT



                                                - - - RADIATION PATTERNS - - -

  - - ANGLES - -           - POWER GAINS -       - - - POLARIZATION - - -    - - - E(THETA) - - -    - - - E(PHI) - - -
  THETA     PHI        VERT.   HOR.    TOTAL      AXIAL     TILT   SENSE     MAGNITUDE    PHASE      MAGNITUDE    PHASE 
 DEGREES  DEGREES       DB      DB      DB        RATIO     DEG.              VOLTS/M    DEGREES      VOLTS/M    DEGREES
 -180.00     0.00    -143.59   -3.43   -3.43    0.00000    90.00  LINEAR    8.06656E-07    46.72    8.21087E+00   -29.90
 -175.00     0.00    -143.62   -4.14   -4.14    0.00000   -90.00  LINEAR    8.03587E-07  -138.84    7.57237E+00   -45.09
 -170.00     0.00    -143.72   -4.80   -4.80    0.00000    90.00  LINEAR    7.94401E-07   -12.48    7.01353E+00   -60.29
 -165.00     0.00    -143.89   -5.48   -5.48    0.00000    90.00  LINEAR    7.79170E-07   -44.75    6.48923E+00   -75.61
 -160.00     0.00    -144.13   -6.19   -6.19    0.00000    90.00  LINEAR    7.58009E-07   -58.96    5.98046E+00   -91.37
 -155.00     0.00    -144.44   -6.91   -6.91    0.00000   -90.00  LINEAR    7.31079E-07    50.18    5.50271E+00  -108.10
 -150.00     0.00    -144.84   -7.55   -7.55    0.00000    90.00  LINEAR    6.98585E-07   -41.45    5.10941E+00  -126.29
 -145.00     0.00    -145.32   -7.95   -7.95    0.00000   -90.00  LINEAR    6.60774E-07    -4.95    4.88458E+00  -146.00
 -140.00     0.00    -145.90   -7.90   -7.90    0.00000   -90.00  LINEAR    6.17934E-07    64.59    4.91238E+00  -166.31
 -135.00     0.00    -146.60   -7.36   -7.36    0.00000   -90.00  LINEAR    5.70392E-07    11.56    5.22778E+00   174.55
 -130.00     0.00    -147.43   -6.46   -6.46    0.00000   -90.00  LINEAR    5.18508E-07   -16.26    5.79264E+00   158.09
 -125.00     0.00    -148.42   -5.43   -5.43    0.00000    90.00  LINEAR    4.62679E-07    76.66    6.52229E+00   144.78
 -120.00     0.00    -149.61   -4.43   -4.43    0.00000   -90.00  LINEAR    4.03328E-07   -21.64    7.32494E+00   134.37
 -115.00     0.00    -151.07   -3.53   -3.53    0.00000    90.00  LINEAR    3.40907E-07    54.50    8.12166E+00   126.38
 -110.00     0.00    -152.91   -2.78   -2.78    0.00000   -90.00  LINEAR    2.75892E-07   -86.22    8.85007E+00   120.34
 -105.00     0.00    -155.33   -2.20   -2.20    0.00000   -90.00  LINEAR    2.08778E-07  -146.31    9.46260E+00   115.94
 -100.00     0.00    -158.79   -1.79   -1.79    0.00000    90.00  LINEAR    1.40074E-07   146.45    9.92414E+00   112.93
  -95.00     0.00    -164.78   -1.54   -1.54    0.00000   -90.00  LINEAR    7.03047E-08   -34.87    1.02105E+01   111.18
  -90.00     0.00    -999.99   -1.46   -1.46    0.00000   -90.00  LINEAR    4.11669E-18   -90.00    1.03076E+01   110.61
  -85.00     0.00    -164.78   -1.54   -1.54    0.00000    90.00  LINEAR    7.03047E-08    34.87    1.02105E+01   111.18
  -80.00     0.00    -158.79   -1.79   -1.79    0.00000   -90.00  LINEAR    1.40074E-07  -146.45    9.92414E+00   112.93
  -75.00     0.00    -155.33   -2.20   -2.20    0.00000    90.00  LINEAR    2.08778E-07   146.30    9.46260E+00   115.94
  -70.00     0.00    -152.91   -2.78   -2.78    0.00000    90.00  LINEAR    2.75892E-07    86.22    8.85007E+00   120.34
  -65.00     0.00    -151.07   -3.53   -3.53    0.00000   -90.00  LINEAR    3.40907E-07   -54.50    8.12166E+00   126.38
  -60.00     0.00    -149.61   -4.43   -4.43    0.00000   -90.00  LINEAR    4.03328E-07    21.64    7.32494E+00   134.37
  -55.00     0.00    -148.42   -5.43   -5.43    0.00000   -90.00  LINEAR    4.62679E-07   -76.66    6.52229E+00   144.78
  -50.00     0.00    -147.43   -6.46   -6.46    0.00000   -90.00  LINEAR    5.18508E-07    16.26    5.79264E+00   158.09
  -45.00     0.00    -146.60   -7.36   -7.36    0.00000   -90.00  LINEAR    5.70392E-07   -11.56    5.22778E+00   174.55
  -40.00     0.00    -145.90   -7.90   -7.90    0.00000   -90.00  LINEAR    6.17934E-07   -64.59    4.91238E+00  -166.31
  -35.00     0.00    -145.32   -7.95   -7.95    0.00000   -90.00  LINEAR    6.60774E-07     4.95    4.88458E+00  -146.00
  -30.00     0.00    -144.84   -7.55   -7.55    0.00000   -90.00  LINEAR    6.98585E-07    41.45    5.10941E+00  -126.29
  -25.00     0.00    -144.44   -6.91   -6.91    0.00000    90.00  LINEAR    7.31079E-07   -50.18    5.50271E+00  -108.10
  -20.00     0.00    -144.13   -6.19   -6.19    0.00000   -90.00  LINEAR    7.58009E-07    58.96    5.98046E+00   -91.37
  -15.00     0.00    -143.89   -5.48   -5.48    0.00000   -90.00  LINEAR    7.79170E-07    44.75    6.48923E+00   -75.61
  -10.00     0.00    -143.72   -4.80   -4.80    0.00000    90.00  LINEAR    7.94401E-07    12.48    7.01353E+00   -60.29
   -5.00     0.00    -143.62   -4.14   -4.14    0.00000   -90.00  LINEAR    8.03587E-07   138.84    7.57237E+00   -45.09
    0.00     0.00    -143.59   -3.43   -3.43    0.00000    90.00  LINEAR    8.06656E-07   -46.72    8.21087E+00   -29.90
    5.00     0.00    -143.62   -2.65   -2.65    0.00000   -90.00  LINEAR    8.03587E-07   138.84    8.98698E+00   -14.88
   10.00     0.00    -143.72   -1.76   -1.76    0.00000    90.00  LINEAR    7.94401E-07    12.48    9.95477E+00    -0.33
   15.00     0.00    -143.89   -0.78   -0.78    0.00000    90.00  LINEAR    7.79170E-07    44.75    1.11490E+01    13.38
   20.00     0.00    -144.13    0.27    0.27    0.00000    90.00  LINEAR    7.58009E-07    58.96    1.25773E+01    25.96
   25.00     0.00    -144.44    1.34    1.34    0.00000    90.00  LINEAR    7.31079E-07   -50.18    1.42206E+01    37.29
   30.00     0.00    -144.84    2.38    2.38    0.00000    90.00  LINEAR    6.98585E-07    41.45    1.60401E+01    47.34
   35.00     0.00    -145.32    3.38    3.38    0.00000    90.00  LINEAR    6.60774E-07     4.95    1.79846E+01    56.19
   40.00     0.00    -145.90    4.30    4.30    0.00000   -90.00  LINEAR    6.17934E-07   -64.59    1.99970E+01    63.93
   45.00     0.00    -146.60    5.13    5.13    0.00000    90.00  LINEAR    5.70392E-07   -11.56    2.20189E+01    70.68
   50.00     0.00    -147.43    5.88    5.88    0.00000    90.00  LINEAR    5.18508E-07    16.26    2.39933E+01    76.52
   55.00     0.00    -148.42    6.53    6.53    0.00000   -90.00  LINEAR    4.62679E-07   -76.66    2.58669E+01    81.54
   60.00     0.00    -149.61    7.09    7.09    0.00000    90.00  LINEAR    4.03328E-07    21.64    2.75913E+01    85.79
   65.00     0.00    -151.07    7.56    7.56    0.00000   -90.00  LINEAR    3.40907E-07   -54.50    2.91236E+01    89.32
   70.00     0.00    -152.91    7.94    7.94    0.00000    90.00  LINEAR    2.75892E-07    86.22    3.04274E+01    92.17
   75.00     0.00    -155.33    8.24    8.24    0.00000    90.00  LINEAR    2.08778E-07   146.30    3.14726E+01    94.37
   80.00     0.00    -158.79    8.44    8.44    0.00000   -90.00  LINEAR    1.40074E-07  -146.45    3.22358E+01    95.92
   85.00     0.00    -164.78    8.57    8.57    0.00000    90.00  LINEAR    7.03047E-08    34.87    3.27003E+01    96.85
   90.00     0.00    -999.99    8.61    8.61    0.00000   -90.00  LINEAR    4.11669E-18   -90.00    3.28563E+01    97.16
   95.00     0.00    -164.78    8.57    8.57    0.00000   -90.00  LINEAR    7.03047E-08   -34.87    3.27003E+01    96.85
  100.00     0.00    -158.79    8.44    8.44    0.00000    90.00  LINEAR    1.40074E-07   146.45    3.22358E+01    95.92
  105.00     0.00    -155.33    8.24    8.24    0.00000   -90.00  LINEAR    2.08778E-07  -146.31    3.14726E+01    94.37
  110.00     0.00    -152.91    7.94    7.94    0.00000   -90.00  LINEAR    2.75892E-07   -86.22    3.04274E+01    92.17
  115.00     0.00    -151.07    7.56    7.56    0.00000    90.00  LINEAR    3.40907E-07    54.50    2.91236E+01    89.32
  120.00     0.00    -149.61    7.09    7.09    0.00000   -90.00  LINEAR    4.03328E-07   -21.64    2.75913E+01    85.79
  125.00     0.00    -148.42    6.53    6.53    0.00000    90.00  LINEAR    4.62679E-07    76.66    2.58669E+01    81.54
  130.00     0.00    -147.43    5.88    5.88    0.00000   -90.00  LINEAR    5.18508E-07   -16.26    2.39933E+01    76.52
  135.00     0.00    -146.60    5.13    5.13    0.00000    90.00  LINEAR    5.70392E-07    11.56    2.20189E+01    70.68
  140.00     0.00    -145.90    4.30    4.30    0.00000    90.00  LINEAR    6.17934E-07    64.59    1.99970E+01    63.93
  145.00     0.00    -145.32    3.38    3.38    0.00000    90.00  LINEAR    6.60774E-07    -4.95    1.79846E+01    56.19
  150.00     0.00    -144.84    2.38    2.38    0.00000    90.00  LINEAR    6.98585E-07   -41.45    1.60401E+01    47.34
  155.00     0.00    -144.44    1.34    1.34    0.00000    90.00  LINEAR    7.31079E-07    50.18    1.42206E+01    37.29
  160.00     0.00    -144.13    0.27    0.27    0.00000    90.00  LINEAR    7.58009E-07   -58.96    1.25773E+01    25.96
  165.00     0.00    -143.89   -0.78   -0.78    0.00000    90.00  LINEAR    7.79170E-07   -44.75    1.11490E+01    13.38
  170.00     0.00    -143.72   -1.76   -1.76    0.00000    90.00  LINEAR    7.94401E-07   -12.48    9.95477E+00    -0.33
  175.00     0.00    -143.62   -2.65   -2.65    0.00000   -90.00  LINEAR    8.03587E-07  -138.84    8.98698E+00   -14.88
  180.00     0.00    -143.59   -3.43   -3.43    0.00000    90.00  LINEAR    8.06656E-07    46.72    8.21087E+00   -29.90




                                 - - - - - - FREQUENCY - - - - - -

                                    FREQUENCY= 1.0830E+02 MHZ
                                    WAVELENGTH= 2.7682E+00 METERS




                    APPROXIMATE INTEGRATION EMPLOYED FOR SEGMENTS MORE THAN   1.000 WAVELENGTHS APART

                    THE EXTENDED THIN WIRE KERNEL WILL BE USED



                               - - - STRUCTURE IMPEDANCE LOADING - - -

                                   THIS STRUCTURE IS NOT LOADED



                                  - - - ANTENNA ENVIRONMENT - - -

                                            FREE SPACE



                                - - - MATRIX TIMING - - -

                        FILL=    0.000 SEC.,  FACTOR=    0.000 SEC.



                                            - - - NETWORK DATA - - -

      - FROM -    - TO -                          -  -  ADMITTANCE MATRIX ELEMENTS (MHOS)  -  -
      TAG  SEG.   TAG  SEG.             (ONE,ONE)                   (ONE,TWO)                   (TWO,TWO)
      NO.   NO.   NO.   NO.        REAL          IMAG.         REAL          IMAG.         REAL          IMAG.
     9901    28     3    14     0.0000E+00    0.0000E+00    0.0000E+00    1.0000E+00    0.0000E+00    0.0000E+00           



                           - - - STRUCTURE EXCITATION DATA AT NETWORK CONNECTION POINTS - - -

   TAG   SEG.    VOLTAGE (VOLTS)         CURRENT (AMPS)         IMPEDANCE (OHMS)        ADMITTANCE (MHOS)      POWER
   NO.   NO.    REAL        IMAG.       REAL        IMAG.       REAL        IMAG.       REAL        IMAG.     (WATTS)
     3    14 4.15651E+00 3.66539E+01 1.00000E+00 2.49710E-16 4.15651E+00 3.66539E+01 3.05449E-03-2.69359E-02 2.07825E+00
  9901    28 0.00000E+00 1.00000E+00-5.68783E-06 2.20015E-14 6.80080E-04-1.75814E+05 2.20015E-14 5.68783E-06 1.10008E-14



                                          - - - ANTENNA INPUT PARAMETERS - - -

   TAG   SEG.    VOLTAGE (VOLTS)         CURRENT (AMPS)         IMPEDANCE (OHMS)        ADMITTANCE (MHOS)      POWER
   NO.   NO.    REAL        IMAG.       REAL        IMAG.       REAL        IMAG.       REAL        IMAG.     (WATTS)
  9901    28 0.00000E+00 1.00000E+00-3.66539E+01 4.15651E+00 3.05449E-03-2.69358E-02 4.15651E+00 3.66539E+01 2.07825E+00



                             - - - CURRENTS AND LOCATION - - -

                                 DISTANCES IN WAVELENGTHS


  SEG.  TAG    COORD. OF SEG. CENTER     SEG.            - - - CURRENT (AMPS) - - -
  NO.   NO.     X        Y        Z      LENGTH     REAL        IMAG.       MAG.        PHASE
     1    1   0.0000   0.2254   0.0000  0.05635  -9.1843E-02  1.7685E-02  9.3531E-02  169.101
     2    1   0.0000   0.1691   0.0000  0.05635  -2.1370E-01  3.9737E-02  2.1736E-01  169.466
     3    1   0.0000   0.1127   0.0000  0.05635  -3.0915E-01  5.6270E-02  3.1422E-01  169.684
     4    1   0.0000   0.0564   0.0000  0.05635  -3.7110E-01  6.6862E-02  3.7708E-01  169.786
     5    1   0.0000   0.0000   0.0000  0.05635  -3.9241E-01  7.0498E-02  3.9869E-01  169.815
     6    1   0.0000  -0.0564   0.0000  0.05635  -3.7110E-01  6.6862E-02  3.7708E-01  169.786
     7    1   0.0000  -0.1127   0.0000  0.05635  -3.0915E-01  5.6270E-02  3.1422E-01  169.684
     8    1   0.0000  -0.1691   0.0000  0.05635  -2.1370E-01  3.9737E-02  2.1736E-01  169.466
     9    1   0.0000  -0.2254   0.0000  0.05635  -9.1843E-02  1.7685E-02  9.3531E-02  169.101
    10    3   0.1243   0.2154   0.0000  0.05385   2.8113E-01 -4.7752E-03  2.8117E-01   -0.973
    11    3   0.1243   0.1615   0.0000  0.05385   6.1628E-01 -7.8623E-03  6.1633E-01   -0.731
    12    3   0.1243   0.1077   0.0000  0.05385   8.5385E-01 -7.5431E-03  8.5389E-01   -0.506
    13    3   0.1243   0.0538   0.0000  0.05385   9.8597E-01 -4.6349E-03  9.8598E-01   -0.269
    14    3   0.1243   0.0000   0.0000  0.05385   1.0000E+00  2.4971E-16  1.0000E+00    0.000
    15    3   0.1243  -0.0538   0.0000  0.05385   9.8597E-01 -4.6349E-03  9.8598E-01   -0.269
    16    3   0.1243  -0.1077   0.0000  0.05385   8.5385E-01 -7.5431E-03  8.5389E-01   -0.506
    17    3   0.1243  -0.1615   0.0000  0.05385   6.1628E-01 -7.8622E-03  6.1633E-01   -0.731
    18    3   0.1243  -0.2154   0.0000  0.05385   2.8113E-01 -4.7751E-03  2.8117E-01   -0.973
    19    5   0.2486   0.2004   0.0000  0.05009  -2.0840E-01 -4.1075E-02  2.1241E-01 -168.850
    20    5   0.2486   0.1503   0.0000  0.05009  -4.5284E-01 -8.7832E-02  4.6128E-01 -169.023
    21    5   0.2486   0.1002   0.0000  0.05009  -6.3027E-01 -1.2113E-01  6.4180E-01 -169.121
    22    5   0.2486   0.0501   0.0000  0.05009  -7.4216E-01 -1.4209E-01  7.5564E-01 -169.161
    23    5   0.2486   0.0000   0.0000  0.05009  -7.8034E-01 -1.4927E-01  7.9448E-01 -169.171
    24    5   0.2486  -0.0501   0.0000  0.05009  -7.4216E-01 -1.4209E-01  7.5564E-01 -169.161
    25    5   0.2486  -0.1002   0.0000  0.05009  -6.3027E-01 -1.2113E-01  6.4180E-01 -169.121
    26    5   0.2486  -0.1503   0.0000  0.05009  -4.5284E-01 -8.7832E-02  4.6128E-01 -169.023
    27    5   0.2486  -0.2004   0.0000  0.05009  -2.0840E-01 -4.1075E-02  2.1241E-01 -168.850
    28 9901   0.0000   0.00003576.6456  0.00112  -5.6878E-06  2.2002E-14  5.6878E-06  180.000



                                        - - - POWER BUDGET - - -

                                           INPUT POWER   = 2.0783E+00 WATTS
                                           RADIATED POWER= 2.0783E+00 WATTS
                                           STRUCTURE LOSS= 0.0000E+00 WATTS
                                           NETWORK LOSS  =-8.8818E-16 WATTS
                                           EFFICIENCY    = 100.00 PERCENT



                                                - - - RADIATION PATTERNS - - -

  - - ANGLES - -           - POWER GAINS -       - - - POLARIZATION - - -    - - - E(THETA) - - -    - - - E(PHI) - - -
  THETA     PHI        VERT.   HOR.    TOTAL      AXIAL     TILT   SENSE     MAGNITUDE    PHASE      MAGNITUDE    PHASE 
 DEGREES  DEGREES       DB      DB      DB        RATIO     DEG.              VOLTS/M    DEGREES      VOLTS/M    DEGREES
 -180.00     0.00    -142.66   -4.09   -4.09    0.00000    90.00  LINEAR    8.21762E-07    37.59    6.96811E+00   -47.69
 -175.00     0.00    -142.69   -4.37   -4.37    0.00000    90.00  LINEAR    8.18635E-07  -102.73    6.74912E+00   -64.76
 -170.00     0.00    -142.79   -4.59   -4.59    0.00000   -90.00  LINEAR    8.09278E-07   159.01    6.57959E+00   -81.16
 -165.00     0.00    -142.96   -4.82   -4.82    0.00000    90.00  LINEAR    7.93761E-07    -8.76    6.40887E+00   -97.19
 -160.00     0.00    -143.20   -5.07   -5.07    0.00000    90.00  LINEAR    7.72204E-07   -71.08    6.22800E+00  -113.32
 -155.00     0.00    -143.52   -5.29   -5.29    0.00000   -90.00  LINEAR    7.44769E-07    74.97    6.06837E+00  -129.95
 -150.00     0.00    -143.91   -5.40   -5.40    0.00000   -90.00  LINEAR    7.11667E-07   102.27    5.99268E+00  -147.25
 -145.00     0.00    -144.39   -5.28   -5.28    0.00000   -90.00  LINEAR    6.73148E-07   -23.95    6.07510E+00  -164.89
 -140.00     0.00    -144.98   -4.87   -4.87    0.00000   -90.00  LINEAR    6.29506E-07   -43.01    6.37067E+00   177.98
 -135.00     0.00    -145.67   -4.19   -4.19    0.00000    90.00  LINEAR    5.81073E-07  -115.32    6.88910E+00   162.34
 -130.00     0.00    -146.50   -3.35   -3.35    0.00000   -90.00  LINEAR    5.28218E-07   -98.45    7.59266E+00   148.86
 -125.00     0.00    -147.49   -2.45   -2.45    0.00000    90.00  LINEAR    4.71343E-07    97.34    8.41535E+00   137.69
 -120.00     0.00    -148.68   -1.60   -1.60    0.00000    90.00  LINEAR    4.10881E-07   153.80    9.28421E+00   128.68
 -115.00     0.00    -150.14   -0.84   -0.84    0.00000    90.00  LINEAR    3.47291E-07    69.93    1.01318E+01   121.56
 -110.00     0.00    -151.98   -0.21   -0.21    0.00000    90.00  LINEAR    2.81059E-07   167.46    1.09010E+01   116.07
 -105.00     0.00    -154.40    0.29    0.29    0.00000   -90.00  LINEAR    2.12687E-07    16.56    1.15458E+01   111.99
 -100.00     0.00    -157.87    0.65    0.65    0.00000   -90.00  LINEAR    1.42697E-07  -118.08    1.20310E+01   109.19
  -95.00     0.00    -163.85    0.87    0.87    0.00000   -90.00  LINEAR    7.16212E-08     8.93    1.23319E+01   107.54
  -90.00     0.00    -999.99    0.94    0.94    0.00000   -90.00  LINEAR    4.19379E-18   -90.00    1.24338E+01   107.00
  -85.00     0.00    -163.85    0.87    0.87    0.00000   -90.00  LINEAR    7.16212E-08    -8.93    1.23319E+01   107.54
  -80.00     0.00    -157.87    0.65    0.65    0.00000    90.00  LINEAR    1.42697E-07   118.08    1.20310E+01   109.19
  -75.00     0.00    -154.40    0.29    0.29    0.00000   -90.00  LINEAR    2.12687E-07   -16.56    1.15458E+01   111.99
  -70.00     0.00    -151.98   -0.21   -0.21    0.00000    90.00  LINEAR    2.81059E-07  -167.46    1.09010E+01   116.07
  -65.00     0.00    -150.14   -0.84   -0.84    0.00000   -90.00  LINEAR    3.47291E-07   -69.93    1.01318E+01   121.56
  -60.00     0.00    -148.68   -1.60   -1.60    0.00000    90.00  LINEAR    4.10881E-07  -153.80    9.28421E+00   128.68
  -55.00     0.00    -147.49   -2.45   -2.45    0.00000   -90.00  LINEAR    4.71343E-07   -97.34    8.41535E+00   137.69
  -50.00     0.00    -146.50   -3.35   -3.35    0.00000    90.00  LINEAR    5.28218E-07    98.45    7.59266E+00   148.86
  -45.00     0.00    -145.67   -4.19   -4.19    0.00000    90.00  LINEAR    5.81073E-07   115.32    6.88910E+00   162.34
  -40.00     0.00    -144.98   -4.87   -4.87    0.00000   -90.00  LINEAR    6.29506E-07    43.01    6.37067E+00   177.98
  -35.00     0.00    -144.39   -5.28   -5.28    0.00000   -90.00  LINEAR    6.73148E-07    23.95    6.07510E+00  -164.89
  -30.00     0.00    -143.91   -5.40   -5.40    0.00000    90.00  LINEAR    7.11667E-07  -102.27    5.99268E+00  -147.25
  -25.00     0.00    -143.52   -5.29   -5.29    0.00000    90.00  LINEAR    7.44769E-07   -74.97    6.06837E+00  -129.95
  -20.00     0.00    -143.20   -5.07   -5.07    0.00000   -90.00  LINEAR    7.72204E-07    71.08    6.22800E+00  -113.32
  -15.00     0.00    -142.96   -4.82   -4.82    0.00000   -90.00  LINEAR    7.93761E-07     8.76    6.40887E+00   -97.19
  -10.00     0.00    -142.79   -4.59   -4.59    0.00000    90.00  LINEAR    8.09278E-07  -159.01    6.57959E+00   -81.16
   -5.00     0.00    -142.69   -4.37   -4.37    0.00000   -90.00  LINEAR    8.18635E-07   102.73    6.74912E+00   -64.76
    0.00     0.00    -142.66   -4.09   -4.09    0.00000    90.00  LINEAR    8.21762E-07   -37.59    6.96811E+00   -47.69
    5.00     0.00    -142.69   -3.66   -3.66    0.00000   -90.00  LINEAR    8.18635E-07   102.73    7.32069E+00   -30.02
   10.00     0.00    -142.79   -3.00   -3.00    0.00000   -90.00  LINEAR    8.09278E-07  -159.01    7.90158E+00   -12.27
   15.00     0.00    -142.96   -2.08   -2.08    0.00000    90.00  LINEAR    7.93761E-07     8.76    8.78263E+00     4.72
   20.00     0.00    -143.20   -0.97   -0.97    0.00000    90.00  LINEAR    7.72204E-07    71.08    9.98804E+00    20.22
   25.00     0.00    -143.52    0.25    0.25    0.00000   -90.00  LINEAR    7.44769E-07   -74.97    1.14937E+01    33.83
   30.00     0.00    -143.91    1.48    1.48    0.00000   -90.00  LINEAR    7.11667E-07  -102.27    1.32439E+01    45.55
   35.00     0.00    -144.39    2.66    2.66    0.00000    90.00  LINEAR    6.73148E-07    23.95    1.51686E+01    55.54
   40.00     0.00    -144.98    3.75    3.75    0.00000    90.00  LINEAR    6.29506E-07    43.01    1.71948E+01    64.06
   45.00     0.00    -145.67    4.73    4.73    0.00000    90.00  LINEAR    5.81073E-07   115.32    1.92519E+01    71.32
   50.00     0.00    -146.50    5.60    5.60    0.00000    90.00  LINEAR    5.28218E-07    98.45    2.12742E+01    77.50
   55.00     0.00    -147.49    6.35    6.35    0.00000   -90.00  LINEAR    4.71343E-07   -97.34    2.32016E+01    82.74
   60.00     0.00    -148.68    7.00    7.00    0.00000   -90.00  LINEAR    4.10881E-07  -153.80    2.49808E+01    87.13
   65.00     0.00    -150.14    7.53    7.53    0.00000   -90.00  LINEAR    3.47291E-07   -69.93    2.65652E+01    90.76
   70.00     0.00    -151.98    7.96    7.96    0.00000   -90.00  LINEAR    2.81059E-07  -167.46    2.79153E+01    93.67
   75.00     0.00    -154.40    8.29    8.29    0.00000   -90.00  LINEAR    2.12687E-07   -16.56    2.89987E+01    95.90
   80.00     0.00    -157.87    8.53    8.53    0.00000    90.00  LINEAR    1.42697E-07   118.08    2.97904E+01    97.47
   85.00     0.00    -163.85    8.67    8.67    0.00000   -90.00  LINEAR    7.16212E-08    -8.93    3.02725E+01    98.41
   90.00     0.00    -999.99    8.71    8.71    0.00000   -90.00  LINEAR    4.19379E-18   -90.00    3.04344E+01    98.73
   95.00     0.00    -163.85    8.67    8.67    0.00000    90.00  LINEAR    7.16212E-08     8.93    3.02725E+01    98.41
  100.00     0.00    -157.87    8.53    8.53    0.00000   -90.00  LINEAR    1.42697E-07  -118.08    2.97904E+01    97.47
  105.00     0.00    -154.40    8.29    8.29    0.00000    90.00  LINEAR    2.12687E-07    16.56    2.89987E+01    95.90
  110.00     0.00    -151.98    7.96    7.96    0.00000    90.00  LINEAR    2.81059E-07   167.46    2.79153E+01    93.67
  115.00     0.00    -150.14    7.53    7.53    0.00000    90.00  LINEAR    3.47291E-07    69.93    2.65652E+01    90.76
  120.00     0.00    -148.68    7.00    7.00    0.00000    90.00  LINEAR    4.10881E-07   153.80    2.49808E+01    87.13
  125.00     0.00    -147.49    6.35    6.35    0.00000    90.00  LINEAR    4.71343E-07    97.34    2.32016E+01    82.74
  130.00     0.00    -146.50    5.60    5.60    0.00000   -90.00  LINEAR    5.28218E-07   -98.45    2.12742E+01    77.50
  135.00     0.00    -145.67    4.73    4.73    0.00000   -90.00  LINEAR    5.81073E-07  -115.32    1.92519E+01    71.32
  140.00     0.00    -144.98    3.75    3.75    0.00000   -90.00  LINEAR    6.29506E-07   -43.01    1.71948E+01    64.06
  145.00     0.00    -144.39    2.66    2.66    0.00000    90.00  LINEAR    6.73148E-07   -23.95    1.51686E+01    55.54
  150.00     0.00    -143.91    1.48    1.48    0.00000    90.00  LINEAR    7.11667E-07   102.27    1.32439E+01    45.55
  155.00     0.00    -143.52    0.25    0.25    0.00000    90.00  LINEAR    7.44769E-07    74.97    1.14937E+01    33.83
  160.00     0.00    -143.20   -0.97   -0.97    0.00000   -90.00  LINEAR    7.72204E-07   -71.08    9.98804E+00    20.22
  165.00     0.00    -142.96   -2.08   -2.08    0.00000    90.00  LINEAR    7.93761E-07    -8.76    8.78263E+00     4.72
  170.00     0.00    -142.79   -3.00   -3.00    0.00000   -90.00  LINEAR    8.09278E-07   159.01    7.90158E+00   -12.27
  175.00     0.00    -142.69   -3.66   -3.66    0.00000    90.00  LINEAR    8.18635E-07  -102.73    7.32069E+00   -30.02
  180.00     0.00    -142.66   -4.09   -4.09    0.00000    90.00  LINEAR    8.21762E-07    37.59    6.96811E+00   -47.69
 ***** DATA CARD NO.  9   EN   0    73     1  1000 -1.80000E+02  0.00000E+00  5.00000E+00  0.00000E+00  0.00000E+00  0.00000E+00

 RUN TIME =     0.063
